|name|desc|category|thumbnail
00000000-00000000-00000002-00000009|Harbour Studio Storage|A shiny white plastic four door storage unit.|Furniture-Storage|S
00000000-00000000-00000002-00000053|Standard Cabinet|Standard Cabinet|Furniture-Storage|S
00000000-00000000-00000002-00000054|Modern Cabinet|Modern Cabinet|Furniture-Storage|S
00312F10-14B44DD9-B05A1080-E0C5FFDC|Modular Kitchen - Sink - Steel|A single unit with sink and wall mounted cupboards.|Furniture-Storage|L
0089BDBB-A274485F-BF6FB6D2-07D611D7|Country Chic Kitchen - Hob Unit|The time has come to hit the road and party. Take full advantage of the freedoms a virtual world provides, slip the bus into cruise control and join the party at full speed. Just remember what goes on tour, stays on tour.|Furniture-Storage|L
00CC8756-BB674C2E-A0B06F66-02AE7A73|Ghostbusters Locker - Closed|A Ghostbusters inspired set decoration piece for use in the LOOT Stage Set personal space. Check out the Ghostbusters Locker Room Bundle for an exclusive item.|Furniture-Storage|L
00E1E4B5-F6404222-A40FF170-8310B7D9|Health Pick-up|This crate holds a lot of health.|Furniture-Storage|L
01093864-D50F4326-B9C906D3-BE68AFE3|Valor Gun Rack|This gun rack is where Valor operatives keep their tools of the trade. Notice the organized fashion in which they store their firearms. I dare you to touch one without asking.|Furniture-Storage|L
01724972-5BC44320-8698EA2B-38AFF96E|Gold Stagecoach Chest|A gold plated chest.|Furniture-Storage|L
01E2BD67-C34D49AE-B2089D72-9F8E4278|Pink Paradise Kitchen - Corner Unit|The time has come to hit the road and party. Take full advantage of the freedoms a virtual world provides, slip the bus into cruise control and join the party at full speed. Just remember what goes on tour, stays on tour.|Furniture-Storage|L
02E5FB69-B1904C0D-B31C622E-A032D682|MyOffice - Single - Countertop Unit|Storing overdue reports is essential to keeping the office space clean and work friendly. Keep your desk and office report free with this storage unit.|Furniture-Storage|L
031DA05E-A62A47B0-93F115A4-47AC731D|The Complex 2 BBQ and Counter|A reward for purchasing all four rooms of The Complex 2.|Furniture-Storage|L
03A75F8D-F03F4A0F-BF34EC30-9382C414|Homely Dresser|This dresser is the perfect addition for a rustic feel.  PMExtraCommerce |Furniture-Storage|P
0535504F-67394D74-B06B457F-DCB26867|MyBedroom - Burgundy - Tallboy|A MyBedroom tallboy style chest of drawers.|Furniture-Storage|L
055267E7-BABE486A-8A43C19A-3F9CB18E|CAS - Scaffolding|If you re a CAS pilot or technician you re going to have many accessories for your CAS armor suits. CAS Scaffolding is the only way to organize all of your gear in your personal space. The CAS Scaffolding is designed to be stack by the user to create any number of different configurations. Youll see that all of your accessories fit onto the shelving systems with ease.|Furniture-Storage|L
05939A5F-E8714F8E-94733C55-C7BEA79B|Prinny Rack Special Christmas Edition|This is the Christmas limited edition of the Prinny furniture series, dood. With its colourful christmas colours and merry apperance, it will further lift the mood of your Personal Space, dood.|Furniture-Storage|S
069A2BB2-4BAB4CAB-83E2F4C0-DD5A703B|MotorStorm Tool Chest|Every MotorStormer needs a tool chest? Oh yeah, cos it s a tool chest well, if you re really enthusiastic, you could keep a few tools in it too. Weve lost the keys so it doesnt actually open, sorry...|Furniture-Storage|S
06A5B2D8-4C564F00-A5041E22-65A10E6D|Winter Vacation Villa - Bedroom Trunk|A weathered piece of furniture perfect for storing all those unneeded pillows. Use this for your Winter Vacation Villa personal space.|Furniture-Storage|L
06AF3752-9BB24082-9804B291-394BEBD4|Ghostbusters Filing Cabinet|A Ghostbusters inspired set decoration piece for use in the LOOT Stage Set personal space. Check out the Ghostbusters Den Bundle for an exclusive item.|Furniture-Storage|L
06C0C513-15D5416E-89976A15-C987CA50|Halloween Kitchen - Sink Unit|The time has come to hit the road and party. Take full advantage of the freedoms a virtual world provides, slip the bus into cruise control and join the party at full speed. Just remember what goes on tour, stays on tour.|Furniture-Storage|L
06FBB0C4-BC9248A0-96DF9D3A-1DAE5FED|Simple Rain Barrel|A handcrafted simple rain barrel.|Furniture-Storage|L
090EEB44-33994E70-A67ECB16-3A0CAF13|MyBathroom - Pale Wood - Corner Unit|MyBathroom modular furniture. Exclusive to the VEEMEE 3D Printer.|Furniture-Storage|L
095DC210-C6DA4F3F-978BAC4B-65FB1CFA|TV Table Brown|Made From Wood. Brown.|Furniture-Storage|L
09C1037D-0F2046D2-84E9EDC0-B31C6898|MyKitchen - Single Unit - Premium Oak|A single unit with cupboards, countertop and wall mounted cupboards.|Furniture-Storage|L
09DFE726-B9D048A5-8AA16B3B-F65A786A|Blue Trunk|An elegant blue leather trunk.  PMExtraCommerce |Furniture-Storage|L
0A37DA11-70C0422D-B255D52D-2044D45B|Swirly, curly bookcase|Original, bizarre, useful. A curly place for books.|Furniture-Storage|L
0A4F85F0-7A2E4A6F-977DA14B-4103BDE5|Victoriana Gothic Coffin Shelves|Black is back. Those misunderstood souls amongst us will appreciate this dark collection from Delirious Squid.|Furniture-Storage|L
0B002BD3-E05A4021-AD9F381C-50FBDDDD|Modular Kitchen - Sink - Gold|A single unit with sink and wall mounted cupboards.|Furniture-Storage|L
0B3503DE-EE0D4368-9F9C029F-DFA28694|Halloween Kitchen - Oven Housing|The time has come to hit the road and party. Take full advantage of the freedoms a virtual world provides, slip the bus into cruise control and join the party at full speed. Just remember what goes on tour, stays on tour.|Furniture-Storage|L
0BA01C66-7F944E73-AC4D9746-05957B47|Fridge Freezer Flag (United States of America)|The LIVING luxury furniture brand combines style with affordability. Covering a range of designs, this collection with answer all your decorating needs remember...Fashion passes, style remains, LIVING is the key.|Furniture-Storage|L
0BC462F2-029B47BB-B6B43485-E628D5FF|Fridge Freezer Red|The LIVING luxury furniture brand combines style with affordability. Covering a range of designs, this collection will answer all your decorating needs remember...Fashion passes, style remains, LIVING is the key.|Furniture-Storage|L
0C183663-54BC48B0-B8FD6F74-2E3ADD30|Modular Kitchen - Single Unit - Steel|A single unit with cupboards, countertop and wall mounted cupboards.|Furniture-Storage|S
0CE4907C-6D714BA2-9407D6B0-F5140295|Rusted Waste Drum|Dont get too close.|Furniture-Storage|S
0D9E2DE8-00F64A73-B3FD0805-38E2EDC5|MyBedroom - Teak Wood - Cupboard|A MyBedroom cupboard.|Furniture-Storage|L
0DE3446E-ACD24A87-8A010602-727BFFF9|Waterfall Terrace Large Wood Chest|Sturdy and decorative.|Furniture-Storage|L
0E387A4F-03CD41D2-8147702C-17501138|MyBedroom - Birch Wood - Large Glass Unit|A large MyBedroom glass doored wardrobe with attached cupboard.|Furniture-Storage|L
0E58A210-F20743B3-82F35377-9715CD81|Sideboard White|The LIVING luxury furniture brand combines style with affordability. Covering a range of designs, this collection will answer all your decorating needs remember...Fashion passes, style remains, LIVING is the key.|Furniture-Storage|L
0F660F3B-5E164151-88F8099D-05933D16|Ultra Modern Sideboard|Look what you found. Clever you.|Furniture-Storage|L
0F78F977-F4AD428B-85093D52-92FA56C6|TV Table For Corner White|It Is An Excellent TV Table To Place In A Corner. White.|Furniture-Storage|L
0FBEBCF8-DCE6446D-9CB4630B-2C188045|Fickle Flapper Prize 2|Fickle Flapper Prize 2|Furniture-Storage|L
0FF77502-9842467A-BB7810E7-09487AD4|Black Shelf|A Convenient Storage Shelf To Put Things On.|Furniture-Storage|L
107C6525-6F57499E-A4A9F15B-45F2F4C4|Futuristic Shelving|In the future, people wont need shelves to store their books. But, theyll still need shelves to display their action figure collections.|Furniture-Storage|S
10BEA539-EFA94003-B0FE6997-8A138C3E|Modular Kitchen - Sink - Black|A single unit with sink and wall mounted cupboards.|Furniture-Storage|L
10F3FD0D-203C491F-ADB78934-97EC5994|Natural Wood Shelf|A high, thin shelf made from a high, thin tree trunk.|Furniture-Storage|S
112DF2CA-F40C4536-B22315CD-D29C4817|921 Acacia Drive - Filing Cabinets|Live the suburban dream at 921 Acacia Drive.|Furniture-Storage|L
11EFCFD1-EE654341-BEB08DB5-A803F9A9|Country Chic Kitchen - Standard Unit|The time has come to hit the road and party. Take full advantage of the freedoms a virtual world provides, slip the bus into cruise control and join the party at full speed. Just remember what goes on tour, stays on tour.|Furniture-Storage|L
121EF81A-77F3404A-B48CFD48-6503156F|Modern Lines Sink Unit - Woodland|Cucumbers Modern Lines Bathroom Range brings signature edgy cool to functional appliances and storage solutions.|Furniture-Storage|L
124F89F0-7CF04147-AA6CB292-1DAB06F0|WT Antique Drawers (Set 3)|Old beyond measure, but the drawers still open without a squeak.|Furniture-Storage|L
12AF9091-61FC4BCB-93E36D5E-FA8BF16F|Thirlmere - Dining Room Dresser|The LIVING dining Collection adds to this luxury furniture brand. Designed to add that touch of top class quality to any apartment. Each set comes with three varieties of chair. Whatever your preferred style, LIVING will provide the answer to your dining needs with these marvellous dining room sets remember...Fashion passes, style remains, LIVING is the key.|Furniture-Storage|L
12F69C6C-52D14EFA-8447DDD9-BEF00ADB|MyBathroom - Dark Wood - Single Sink|MyBathroom modular furniture.|Furniture-Storage|L
13EC51BA-0F19429E-802D1EA4-E60356EF|Modern Lines Sink Unit - Monochrome|Cucumbers Modern Lines Bathroom Range brings signature edgy cool to functional appliances and storage solutions.|Furniture-Storage|L
144C6910-DC8C4154-A7D17614-F77C5B8A|MyBathroom - Slate - Single Sink|MyBathroom modular furniture.|Furniture-Storage|L
15D03CB4-77B2493F-BF3906C9-FF8C4FBC|Spice Glass Door Refigerator - Paprika|Sleek and stylish kitchen furniture from Cucumber.|Furniture-Storage|L
166BB8E2-5AC14C08-93113CFB-6C4E6703|Living Shelf, White|Storage Shelves Of Functional And Figurative Beauty.|Furniture-Storage|L
180249AE-D1444F51-82127411-F9B72A74|Modular Kitchen - Single Sideboard - Tomato|A single sideboard with drawers.|Furniture-Storage|L
1AC1D66A-E3264761-823FDF06-4A9A676E|Avalonian Wardrobe|This wardrobe is a masterpiece of craftsmanship.|Furniture-Storage|L
1B067CD5-66C04475-86095FE6-26FA7361|Modular Kitchen - Double Unit - Black|A double unit with cupboards, countertop and wall mounted cupboards.|Furniture-Storage|L
1DB8A2EC-328F4AD7-9B72BC97-C675E99A|Zest Chest of Drawers - Lemon|Brighten up your bedroom with this juicy collection from Cucumber.|Furniture-Storage|L
1F348EA3-4B34488C-A08146D3-DE2E65C0|Heavy Duty Shipping Case from Loot .|A heavy duty black shipping case on coasters.|Furniture-Storage|L
1F653E70-54DF4CD0-8B35E9CB-1CEA40B4|Whimsy Hollow Bookcase|So thats why Whimsy Hollow looked so bare. That grateful Whimsy you found has returned this family heirloom he borrowed.|Furniture-Storage|L
20E786C2-1F8C496F-AB648258-35920A80|Kitchen White Color|Kitchen White|Furniture-Storage|S
22C7A7E5-CD6F4879-8E0EA084-7643737B|Gold Trim Shelves|A modern shelving unit with gold accents.|Furniture-Storage|L
22F4F181-690A4BC1-89EC1936-A0AF57D7|Modular Kitchen - Single Sideboard - Steel|A single sideboard with drawers. Exclusive to the VEEMEE 3D Printer.|Furniture-Storage|L
236442BB-62CC4973-AE5FEA00-C05CD970|Paris Classical China Cabinet|Display all the dishes youll probably never use.|Furniture-Storage|L
23B75AF0-27F445F6-910BE092-88EC0B94|Modern Drawers|Add some cutting-edge design and modern aesthetic to your apartment or clubhouse.|Furniture-Storage|L
24A849F2-07654BEB-9203D827-2128C3B9|Ornate Silver Chest|Add an exotic touch to your decor.|Furniture-Storage|L
24BF4F97-CD304053-A860C64F-BFCA76C8|Natural Wood Short Shelf|A three-tier shelf carved of wood.|Furniture-Storage|S
25C72B4D-A2774C0F-850BC257-79940775|Owl Cage|An empty owl cage.  PMExtraCommerce |Furniture-Storage|L
2604D554-86F14B43-BF2099F4-A20805DE|MyBedroom - Birch Wood - Cupboard|A MyBedroom cupboard.|Furniture-Storage|L
26E8C2C1-4F764E76-A48A42EC-74F35B84|Luxury Bayfront Condo Shelf|Furnish your Luxury Bayfront Condo with this shelf.|Furniture-Storage|L
2835B6DE-0EB448EF-A6777DEC-AA6FEA3A|Fridge Freezer Multi - Coloured|The LIVING luxury furniture brand combines style with affordability. Covering a range of designs, this collection with answer all your decorating needs remember...Fashion passes, style remains, LIVING is the key.|Furniture-Storage|L
28E8AC81-DA72479D-99AE5123-5C2DAB2A|White Table Bar|A white marble tabletop.|Furniture-Storage|L
2A8376C8-3F6F4B2E-B469BFBA-E82322D2|Rusted Storage Locker|It might be a little rusted, but it will keep your things locked up tight.|Furniture-Storage|S
2B8C3260-3B6B4E9E-9E63881A-355D78B6|Rococo-Style Chest|A Rococo-style 3-level chest.|Furniture-Storage|S
2CAA90DF-B286408E-80E95A65-FC756BDD|Fridge Freezer Flag (Spain)|The LIVING luxury furniture brand combines style with affordability. Covering a range of designs, this collection with answer all your decorating needs remember...Fashion passes, style remains, LIVING is the key.|Furniture-Storage|L
2D77D752-DE204858-80BFF3DA-FA77AE39|MyOffice - Filing Unit|Upon completing the report, its best to keep a copy safe for reference. Keep your desk and office report free with this filing unit.|Furniture-Storage|L
2D8F811F-A15C4B99-A37D7F09-B0EEF3C4|Black Bombe chest of drawers|You know you aren t like them, you follow another set of rules, your rules aren t from this world. Your world is a secret, a mystery for them. They can t see you, you embrace the night, you follow the Raven Culture.|Furniture-Storage|L
2DB27E0F-C13F4D89-B003D8F0-FCBC6437|Ghostbusters Antique Box|A Ghostbusters inspired set decoration piece for use in the LOOT Stage Set personal space. Check out the Ghostbusters Den Bundle for an exclusive item.|Furniture-Storage|L
2DC5D4EF-CEE34258-8F6C5A0E-EC634787|Modular Kitchen - Single Sideboard - Red|A single sideboard with drawers. Exclusive to the VEEMEE 3D Printer.|Furniture-Storage|L
2E0697B4-714B4937-86CD4190-CAABB243|Paris Classical Wardrobe|In the old days, one did not have a closet.|Furniture-Storage|L
2E55E83F-67ED449B-AB118504-F91CABBE|Black Square Shelf|A Convenient Storage Shelf To Put Things On.|Furniture-Storage|L
2E854AFD-E642410B-886A8504-7877E95C|House Dumont Wardrobe|This wardrobe is a masterpiece of craftsmanship and styled after the Dumont crest.|Furniture-Storage|S
2ED28899-90154948-92BCA5EC-00AF7EC6|Modular Kitchen - Single Sideboard - Lime|A single sideboard with drawers. Exclusive to the VEEMEE 3D Printer.|Furniture-Storage|L
3009BD50-64944F99-B9F791F7-EC2CE1D4|Locker|Small Cupboard That Can Be Locked, Where You Leave Many Things. There Is The Document Written 0201 Inside.|Furniture-Storage|L
304B6834-B62F4E7B-9DCEC73C-DB488C80|Red Trunk|Trunks are very useful for students.  PMExtraCommerce |Furniture-Storage|L
30A8AA37-9A014D85-803D2804-48EA8654|Whimsy Hollow Keepsake Chest|So thats why Whimsy Hollow looked so bare. That grateful Whimsy you found has returned this family heirloom he borrowed.|Furniture-Storage|L
315F581E-8FD344BE-8CE8A1ED-80C57D27|Modular Kitchen - Double Sideboard - Lime|A double sideboard with drawers. Exclusive to the VEEMEE 3D Printer.|Furniture-Storage|L
326D5FF0-51C7404E-B95BD765-053C4FAA| |ItemBox Red|Furniture-Storage|L
3372F872-A9D04AD3-9B9C29D5-2156B164|Fridge Freezer Meerkat|The LIVING luxury furniture brand combines style with affordability. Covering a range of designs, this collection will answer all your decorating needs remember...Fashion passes, style remains, LIVING is the key.|Furniture-Storage|L
340135A8-541F49D7-93383FC8-EC8571E0|Modular Kitchen - Single Unit - Red|A single unit with cupboards, countertop and wall mounted cupboards.|Furniture-Storage|L
34228662-130D41A1-B92681CA-2FD909B0|Apocalyptic Red Waste Drum|One day, after the world rights itself and you can go outside again, youll dispose of this in a river or swamp like nature intended.|Furniture-Storage|S
3468F278-3DBA4652-B7B92C02-FF8815E3|Spice Double Oven Cabinets - Paprika|Sleek and stylish kitchen furniture from Cucumber.|Furniture-Storage|L
34A6FD4F-75CC4DCE-A2E87FAC-52CF8073|Simple Dresser|A handcrafted simple dresser.|Furniture-Storage|L
34C92207-9F41447A-AD67B633-67D67EA8|Ajagaras Peak - Cupboard|Nestled atop a steep and perilous mountain Ajagaras Peak is only accessible to a select few - those known as the Dragon Scouts. A place for diligent training, scholarly pursuits and deep meditation the monastery at Ajagaras Peak was founded to train an elite band of soldiers who keep watch over the kingdom of Ajagara.|Furniture-Storage|L
35B045AD-2B5E4512-9A249D2D-620BC6EE|House Raleigh Wardrobe|This wardrobe is a masterpiece of craftsmanship and styled after the Raleigh crest.|Furniture-Storage|S
35B1D6F6-56084B17-90FB364C-C29C1759|Serenity Lake Oriental Cabinet|With years of history, the Serenity Lake furniture collection is an art form as well as beautifully functional. Unique and elemental, this is the perfect Eastern Asian accompaniment to any home.|Furniture-Storage|L
35C3DE4F-006443B1-909372CC-99D7B93D|MyBedroom - Black Marble - Single Wardrobe|A MyBedroom small wardrobe|Furniture-Storage|L
363097C8-66D64889-B0990448-548EA516|Spice Glass Door Refigerator - Salt|Sleek and stylish kitchen furniture from Cucumber.|Furniture-Storage|L
366BA322-5E204390-94C1CF91-A91DEB4B|MyBathroom - Slate - Single Unit|MyBathroom modular furniture.|Furniture-Storage|L
36F72798-1CCD466D-A1411FFA-E3FFCA36|Gold Shelf|A gold painted bookshelf.|Furniture-Storage|L
380A5C0C-FE8F43B9-9D56D966-156EA532|RC Rally Workbench|Your very own workbench from RC Rally to work on tuning up your Racers.|Furniture-Storage|L
38B4D6DC-673E47A2-97E72809-DC67CE3B|Modular Kitchen - Refrigerator - Tomato|A refrigerator.|Furniture-Storage|L
39228711-4C6048D5-AC14234A-FE5F25E9|Kitchen, Brown Color|Kitchen Wood|Furniture-Storage|S
39CE26AA-AD954437-92CB9F2E-C8CB7019|Bookcase|This bookcase is made from stained oak, with additional brightly coloured containers to house your favourite books and add a new dimension to the standard bookcase.|Furniture-Storage|L
3A2819A7-61524299-8AD53F88-6FBD9CC9|Ornate Chest of Drawers - Niello|Have a homely, characterful apartment in seconds with this tasteful, high quality, historic reproduction furniture.|Furniture-Storage|L
3A5E483D-0E844BB0-964A8972-DAFBC172|MyBathroom - Pale Wood - Single Sink|MyBathroom modular furniture. Exclusive to the VEEMEE 3D Printer.|Furniture-Storage|L
3B35C326-735145EA-84F8D688-916B8EAE|CAS - Workbench|The CAS workbench is a standard issue for all CAS repair stations. This workbench features multi-watt surge protectors and well as user configurable energy transformers. The CAS workbench is a favorite of CAS technicians for its mobile ease and many compartments and drawers.|Furniture-Storage|L
3B367C22-A5A0419B-B430630F-F504BDBC|Whimsy Hollow Wellington Chest|So thats why Whimsy Hollow looked so bare. That grateful Whimsy you found has returned this family heirloom he borrowed.|Furniture-Storage|L
3C07CA01-D1CF4AE0-9CD494FB-D6FACEB6|Retro Modern Corner Cupboards|A vintage style kitchen with all the mod cons of the day.|Furniture-Storage|L
3C6EA0C8-44A44676-BC9C8D97-E9856EC2|Clothing Rail|The Jam Jar was established in the 1940 s as THE place to go. Discover the opulence and grandeur of this by gone era in a building rescued and restored to its rightful glory. Whether you decide to return it to its full boutique status, use its exquisite detail as a backdrop for a gallery or as the venue of the latest fashion event, The Jam Jar will still prove to be THE place to be seen.|Furniture-Storage|L
3C85EC41-18A34931-8A0F0A20-401D0908|Victoriana Gothic Drawers - Magick|Black is back, from the dead. Those misunderstood souls amongst us will appreciate this second dark collection from Delirious Squid.|Furniture-Storage|L
3D365770-E8594F54-B202D31E-FD70A0A9|Crazy Green Wardrobe|Its colourful, its funny, but most of all its crazy.. Crazy furniture will add joy anywhere you place it. I know its mad, but it looks good.|Furniture-Storage|L
3FA32179-1BF44376-8EF22E33-EA06813F|MyBedroom - Burgundy - Large Glass Unit|A large MyBedroom glass doored wardrobe with attached cupboard.|Furniture-Storage|L
3FCC4676-EDD44274-A8EF7A12-342990AF|Sideboard Wood Effect (pale)|The LIVING luxury furniture brand combines style with affordability. Covering a range of designs, this collection will answer all your decorating needs remember...Fashion passes, style remains, LIVING is the key.|Furniture-Storage|L
40B3F2C2-21B94242-9CF46252-05C9C109|Bamboo Chest|A 1st User Awareness Survey event reward. A shelf made of bamboo.|Furniture-Storage|S
416CEA41-DF2B4978-9A7A8602-C5FB5C4E|Clothing Rail (with clothes)|The Jam Jar was established in the 1940 s as THE place to go. Discover the opulence and grandeur of this by gone era in a building rescued and restored to its rightful glory. Whether you decide to return it to its full boutique status, use its exquisite detail as a backdrop for a gallery or as the venue of the latest fashion event, The Jam Jar will still prove to be THE place to be seen.|Furniture-Storage|L
41A0FAC3-500A4DDA-82DC001D-81ED3307|MyBedroom - Teak Wood - Tallboy|A MyBedroom tallboy style chest of drawers.|Furniture-Storage|L
421CE359-DEB24BFC-81814386-548356AF|Castle Strakh - Carved Oak Chest|A spine-tingling reward, courtesy of Count Strakh himself.|Furniture-Storage|L
439746B8-132C4478-A0C88DF6-37706692|Cupboard Unit - Liquorice|All the warmth and comfort of a country kitchen, with that added Cucumber zing.|Furniture-Storage|L
447F4A07-E4B34798-AE07673A-BFFE7BF5|LOOT Air Overhead Compartment|LOOT Air set decoration piece for use in the LOOT Stage Set personal space. Check out the LOOT Air Bundle for an exclusive item.|Furniture-Storage|L
44EBD903-1BFE4252-A48C640B-FB12D5AA|MyBedroom - Teak Wood - Double Wardrobe|A MyBedroom large wardrobe|Furniture-Storage|L
44F57A48-6BFC4F4B-BCCEC0C9-BB4411CD|Gothic Manor Shelf|This wire frame shelf is a great addition to any living room.|Furniture-Storage|L
45040C92-8BFA46D1-A3625C00-D45F2F24|Pirate Bar|A refreshing oasis and decorative d cor in one.|Furniture-Storage|S
458A76D2-106E48B1-9885FD3C-B59F3F8D|Modular Kitchen - Corner Unit - Black|A unit that fits perfectly into a corner. Includes cupboards, countertop and wall mounted cupboards.|Furniture-Storage|L
45C91995-BED34F4B-920FCF4F-08EE7473|Zest Chest of Drawers - Blueberry|Brighten up your bedroom with this juicy collection from Cucumber.|Furniture-Storage|L
4642073B-C840474C-961F51B3-ABB2F791|Japanese Tansu|The timeless design of the Tansu makes it a hugely practical storage solution whilst offering traditional, elegant design.|Furniture-Storage|S
471F5EC2-0BB24DE5-B5B63DDF-37E4436C|MyBathroom - Pale Wood - Double Sink|MyBathroom modular furniture. Exclusive to the VEEMEE 3D Printer.|Furniture-Storage|L
4721CD98-631048E7-8F8C7C57-383A6DD2|Baby Princess Room - drawers|Royal blues or pinks? The world is waiting to see whether the future British heir to the throne will be a boy or a girl? To celebrate we have everything youll need to create your royal nursery in blue or pink. Everyone can join in the fun by grabbing a free prediction t-shirt, you decide whether you think the baby is a new prince or princess.|Furniture-Storage|L
491C70E8-88A94210-BCEED0BF-5480EC0E|Creek Falls - Shelf|This extravagant piece of wood shelving is a perfect place to arrange your book collection in.|Furniture-Storage|L
4AE3FF24-217A467E-8F6EB007-2D23A60C|Modular Kitchen - Double Unit - White|A double unit with cupboards, countertop and wall mounted cupboards.|Furniture-Storage|L
4AE4DAB3-6F324A67-91ADAD70-331B4D17|Modular Kitchen - Refrigerator - Black|A refrigerator.|Furniture-Storage|L
4BA0CC7A-D0C34D39-B5E33CFA-B710D0D9|Modular Kitchen - Double Unit - Lime|A double unit with cupboards, countertop and wall mounted cupboards. Exclusive to the VEEMEE 3D Printer.|Furniture-Storage|L
4BDF67AF-6CD94EF5-BC2774C4-181DC279|Paris Modern Dresser|Complete your bedroom set with this Modern Dresser.|Furniture-Storage|L
4C3D0DEC-E5304CFB-B7A1AADA-16F2DE3E|Designer White Shelf|Storage Shelves Of Functional And Figurative Beauty.|Furniture-Storage|L
4D04B966-ADD44CF9-86FC694E-86FE944F|Playground Dresser|Pack all your neon-colored sweatshirts and tracksuits into this.|Furniture-Storage|L
4D48E063-582E4EA5-842F4DDC-3596A53D|MyBathroom - Pale Wood - Single Unit|MyBathroom modular furniture. Exclusive to the VEEMEE 3D Printer.|Furniture-Storage|L
4DB9000A-BCA94811-9E5C0672-E3395BC4|MyBedroom - Black Marble - Tallboy|A MyBedroom tallboy style chest of drawers.|Furniture-Storage|L
4DE96411-39534D9D-B876F29A-223E5347|DIYR - Dresser|Race through and over this glass dresser with your DIY Racer RC car. Go get the DIY Racer mini-game and turn your apartments into a race track.|Furniture-Storage|L
4E9B4226-2FEC49A9-89DD2A95-5C11B188|Modular Kitchen - Double Sideboard - Steel|A double sideboard with drawers. Exclusive to the VEEMEE 3D Printer.|Furniture-Storage|L
4F776F28-9E1947FC-98AFA9EC-78AC4B83|File Cabinet|A Cabinet Which Suits For The Office.|Furniture-Storage|L
4F9234C3-C4A44F1C-8BA1196F-F6CCD1C6|Spice Double Cabinets with Sink - Pepper|Sleek and stylish kitchen furniture from Cucumber.|Furniture-Storage|L
4FB0648D-887448CB-ADA6DE65-AF672B36|Retro Modern Fridge Freezer|A vintage style kitchen with all the mod cons of the day.|Furniture-Storage|L
4FFEDBEF-CCB2477B-87322DB7-48C05595|Davy Jones Locker|Unlock the mysteries of the deep.|Furniture-Storage|L
50A68627-A7AB4F4B-85A81FA0-36EDC610|Dollys Diner Straight Counter|Create that classic All-American Diner look in your apartment with the Dollys Diner Furnishings Range from Cucumber.|Furniture-Storage|L
50AE59E7-14424AB1-9E5DCD47-A3561FF4|WT Boat Shelves  2|Life is but a dream.|Furniture-Storage|L
5130A0E7-DE2E4EF9-9FD2DF5A-34B7F1A0|Rock Reveller Kitchen - Oven Housing|The time has come to hit the road and party. Take full advantage of the freedoms a virtual world provides, slip the bus into cruise control and join the party at full speed. Just remember what goes on tour, stays on tour.|Furniture-Storage|L
5138111B-AF2940B8-9AEB9CC2-6393424D|Mystic Arcade Garbage Can|Use this garbage can to make the Mystic Arcade lobby presentable.|Furniture-Storage|L
516CDB4F-60824BCE-BC350967-0E62025E|Ornate Gold Chest|Add an exotic touch to your decor.|Furniture-Storage|L
519E81CA-5F6242BE-9EC20034-0A979194|LOOT Modern TV Stand 1|The perfect stand for your LOOT EOD TV. No assembly required. Check out the LOOT EOD TV Bundle for the most amazing deal we ve ever had.|Furniture-Storage|L
51A5A195-1CEC442C-9F001806-CB9E779B|MyOffice - Single - Desk Height Cabinet|Storing overdue reports is essential to keeping the office space clean and work friendly. Keep your desk and office report free with this desk high cabinet.|Furniture-Storage|L
521886F2-CEB24478-A1CE37D5-529022F8|Black Marble Bar|A wooden counter with a black marble bar.|Furniture-Storage|L
523C411F-13FF4DFD-BB3F72E9-22F60941|Fridge Freezer Pale Brown|The LIVING luxury furniture brand combines style with affordability. Covering a range of designs, this collection with answer all your decorating needs remember...Fashion passes, style remains, LIVING is the key.|Furniture-Storage|L
528F094D-91A94BAD-83B88BBE-EE897E28|Travelling Trunk|No Hogwarts student should be without their trunk.  PMExtraCommerce |Furniture-Storage|L
53347905-2E034F1B-BF3E94BA-6685EF5D|Ornate Bedside Drawers - Ivory|Have a homely, characterful apartment in seconds with this tasteful, high quality, historic reproduction furniture.|Furniture-Storage|L
537845EC-DD3C45C6-AE4E4E17-AA86BF76|Rainbow Colored Shelf|This bookshelf comes with a colorscheme for any occasion.|Furniture-Storage|L
53D2ECCA-E6454E1E-A1194B02-2271445F|Anime Red Crate|Nothing spruces up a control center like a dash of red.|Furniture-Storage|L
53FBFC04-0A6C4B48-B9AB4951-3D6458BB|Modular Kitchen - Sink - Red|A single unit with sink and wall mounted cupboards.|Furniture-Storage|L
55A7D7C8-CA234C9B-9EDC5CA6-C72A8D8A|MyBathroom - Pale Wood - Wardrobe|MyBathroom modular furniture. Exclusive to the VEEMEE 3D Printer.|Furniture-Storage|L
55AA7B06-EAEA4157-8183D117-E58FD695|MyBathroom - Dark Wood - Single Unit|MyBathroom modular furniture.|Furniture-Storage|L
57161C5E-4B45455E-B6B21C35-936683BA|Modular Kitchen - Single Unit - Gold|A single unit with cupboards, countertop and wall mounted cupboards.|Furniture-Storage|L
5717F29C-CF4A4EF2-9D2CBD71-F02FB26C|Spice Triple Cabinets - Salt|Sleek and stylish kitchen furniture from Cucumber.|Furniture-Storage|L
578975CF-1B49495F-9F8BD9E5-36425D42|TORO 3-level Box|Youve gotta save up to buy this classy 3-level box.|Furniture-Storage|L
58064AF5-890748B5-855E72A1-DC69F9DA|Abbey Hill Cottage Oak Dresser|The perfect accompaniment to give a home a touch of personality|Furniture-Storage|L
594EE087-EE6C4A9E-845D165C-BD50ADFA|Paris Classical Drawers|What bedroom is complete without drawers?|Furniture-Storage|L
5A263BDC-AC72455F-818235E5-665CD502|Living Shelf Red|Storage Shelves Of Functional And Figurative Beauty.|Furniture-Storage|L
5A72B596-83D542F8-A95A5DDD-F16A9EF4|Vigilarium Sideboard B|Sideboard from the Primarchs Vigilarium in FINAL FANTASY XIII. 2009, 2010 SQUARE ENIX CO., LTD. All Rights Reserved. CHARACTER DESIGN TETSUYA NOMURA|Furniture-Storage|L
5B8C6B51-2D1E45CB-977AF54D-E4E188AB|Avedic Kitchen - Corner Unit|LIVING launches as a luxury furniture brand with this modular kitchen. Designed in base and wall unit sections, they will fit into almost any position in any order. They certainly will add that touch of top class quality. Whatever your preferred style, LIVING will provide the answer to your catering needs with these marvellous modular kitchens remember..Fashion passes, style remains, LIVING is the key.|Furniture-Storage|L
5C103216-EE5842BB-8532B715-193E261C|Contemporary Bedside Drawers - Vivid|Add warmth and charm to your apartment with the Contemporary Range from Cucumber.|Furniture-Storage|L
5C30ED87-AABA4F3E-A9BD62D8-5C383B03|Apocalyptic Yellow Waste Drum|One day, after the world rights itself and you can go outside again, youll dispose of this in a river or swamp like nature intended.|Furniture-Storage|S
5C3244D8-70E545E9-8A825756-C76CD061|Victoriana Gothic Drawers|Black is back, from the dead. Those misunderstood souls amongst us will appreciate this second dark collection from Delirious Squid.|Furniture-Storage|L
5CD2F77B-B6B94982-A358B68F-24A97205|Modular Kitchen - Refrigerator - Gold|A refrigerator.|Furniture-Storage|L
5D07D823-E5D14140-948031E5-48362463|MyBathroom - Dark Wood - Double Sink|MyBathroom modular furniture.|Furniture-Storage|L
5D14923D-ABA4494B-91960F25-C9E8C8CB|MyBedroom - Teak Wood - Single Wardrobe|A MyBedroom small wardrobe|Furniture-Storage|L
5D5CA8C9-B1E04049-A680BFA0-3CD298EF|DIYR - Bookshelves|Drive though or jump off these bookshelves with your DIY RC Car (or place some books in it). Go get the DIY Racer mini-game and turn your apartments into a race track.|Furniture-Storage|L
5D9C84EC-F6D642C9-94122E13-66E2957E|The Complex 2 Kitchen Counter|A reward for purchasing all four rooms of The Complex 2.|Furniture-Storage|L
5F1EE33F-4E914EE6-BBA6EF56-199032B5|Treasure Chest|Stuffed full of sparkling booty.|Furniture-Storage|L
5F3E7747-6E5C4C2E-965987B3-4243D3CF|Spice Glass Door Refigerator - Pepper|Sleek and stylish kitchen furniture from Cucumber.|Furniture-Storage|L
5F48D7E3-53074C91-AF0B9FB1-290037A6|MyBedroom - Teak Wood - Large Glass Unit|A large MyBedroom glass doored wardrobe with attached cupboard.|Furniture-Storage|L
603DEE2C-E1DD4EF9-A147ADC2-2E2D275B|Country Chic Kitchen - Sink Unit|The time has come to hit the road and party. Take full advantage of the freedoms a virtual world provides, slip the bus into cruise control and join the party at full speed. Just remember what goes on tour, stays on tour.|Furniture-Storage|L
6084E216-B5C5448F-AD74EBE4-2349794E|Ghost Chest|What every undead pirate hopes for at the end of their journey apart from that whole eternal rest thing.|Furniture-Storage|L
609EAE37-BA0F4E4E-BE274C0B-34A60BC7|Apocalyptic Yellow Storage Locker|Store your meager belongings.|Furniture-Storage|S
61A81080-463948EB-A7DD0614-847A8C4D|Black Modern Shelves|A black shelving unit from Loot for your PlayStation Home personal spaces.|Furniture-Storage|L
63E12F57-602C4086-A6325127-1C42FCCE|Raven Gun Display Case|When storing their high tech firearms, Raven likes to show off how good their equipment looks. Visitors prefer to see them in the rack, as opposed to looking down the barrel.|Furniture-Storage|L
6477CF03-A8134EDB-A9EE7FA8-04D88FE8|Spice Double Oven Cabinets - Salt|Sleek and stylish kitchen furniture from Cucumber.|Furniture-Storage|L
648B3992-AA254DCC-826DB492-C64C0EAB|CAS - Fuel Tank|Built of high impact petroleum based plastics and composites, CAS fuel Tanks are a MUST HAVE for all CAS units. How else are you going to store fuel for your CAS armor suit? Youll find that these fuel tanks stack well on each other as well as perfectly fit on CAS-Scaffolding.|Furniture-Storage|L
64CA1AFB-94704252-A3C5AD5A-01DAE19F|Apocalyptic Red Storage Locker|Store your meager belongings.|Furniture-Storage|S
6666299E-37C245DA-862EA8D4-C1D06F88|Red Shelf|A Convenient Storage Shelf To Put Things On.|Furniture-Storage|L
676404A4-95674B09-B52F52B8-380972C0|Winter Vacation Villa - Table End|A wooden nightstand with three drawers. Use this in your Winter Vacation Villa personal space.|Furniture-Storage|L
67A27B38-3CEA4E86-AA5864BB-C9FB8C43|MyOffice - Corner - Storage Unit|Storing overdue reports is essential to keeping the office space clean and work friendly. Keep your desk and office report free with this storage unit.|Furniture-Storage|L
67D8F031-1B184ADC-AEA58471-693446BC|Truzzi Kitchen - Corner Unit|LIVING launches as a luxury furniture brand with this modular kitchen. Designed in base and wall unit sections, they will fit into almost any position in any order. They certainly will add that touch of top class quality. Whatever your preferred style, LIVING will provide the answer to your catering needs with these marvellous modular kitchens remember..Fashion passes, style remains, LIVING is the key.|Furniture-Storage|L
67EB2CA1-04CB4CDE-87E715AB-586C754C|Curious Chest of Drawers|Some accursed object within these drawers compels you... Will you succumb to the madness within?|Furniture-Storage|L
699DD1F5-CBC5448B-97C421E3-A38129F5|Japanese Tansu Tall|This Tansu offers extra storage and a beautiful finish whilst maintaining the traditional design.|Furniture-Storage|S
6B44491A-42F641C7-AB6C69D1-DB7707D8|Japanese Chest|This Chest Evokes Nostalgia.|Furniture-Storage|L
6BC8CAD8-62E44DFF-8767FA5C-2C8A8AEC|Designer Wood Shelf|Storage Shelves Of Functional And Figurative Beauty.|Furniture-Storage|S
6BDE7DA5-ACBD4BAC-A6BA48BA-EE167F54|MyBedroom - Black Marble - Bedside Cabinet|A MyBedroom bedside cabinet|Furniture-Storage|L
6C09B2CB-594B4179-9E74BD37-42BCA25D|TV Table Black|A TV Table. Black.|Furniture-Storage|L
6C2C18EE-FC614CCB-8B1D2A43-4F2D3617|LOOT Corner TV Stand|Sometimes the best place for the TV is in the corner, theres no way around it. For such inevitable design choices, we bring you the LOOT Corner TV Stand. Place your LOOT EOD TVs on them, sit back and relax. Check out the LOOT EOD TV Bundle for the most amazing deal we ve ever had.|Furniture-Storage|L
6E72A0A1-4ACD4C81-9EC57206-6CC25F3C|Corner Unit - Gingerbread|All the warmth and comfort of a country kitchen, with that added Cucumber zing.|Furniture-Storage|L
6EFDFE7F-359C4588-9F55FD5E-711386C8|WT Glass Cabinet (DR Set 1)|Store collectibles. Display them for your friends.|Furniture-Storage|L
6F062E5D-7823488C-B49C70AF-B8AC608A|Modular Kitchen - Double Sideboard - Black|A double sideboard with drawers. Exclusive to the VEEMEE 3D Printer.|Furniture-Storage|L
6F32BBB0-81A14B14-B0E03FDD-6CFE9FBB|Whimsy Hollow Chest of Drawers|So thats why Whimsy Hollow looked so bare. That grateful Whimsy you found has returned this family heirloom he borrowed.|Furniture-Storage|L
70B105A3-7193497C-9508E165-9960647C|MyKitchen - Double Sideboard - Premium Oak|A double sideboard unit with counter top and numerous draws.|Furniture-Storage|L
7136945D-E3AF453E-960E810C-2C63FF81|MotorStorm Flightcase|Its flying days are well and truly over, but its now a useful table for you to put things on. Amazing.|Furniture-Storage|S
72C1A10B-927A42DC-AACA3825-A02FD4F4|Modular Kitchen - Single Sideboard - White|A single sideboard with drawers. Exclusive to the VEEMEE 3D Printer.|Furniture-Storage|L
733D35D1-24444AD5-84A8945B-00EBE0E9|MyBathroom - Slate - Wardrobe|MyBathroom modular furniture.|Furniture-Storage|L
743AE0A3-A9474462-81684100-C3CD87B9|Fridge Freezer Flag (France)|The LIVING luxury furniture brand combines style with affordability. Covering a range of designs, this collection with answer all your decorating needs remember...Fashion passes, style remains, LIVING is the key.|Furniture-Storage|L
74536FB1-7EBB42C9-8E879697-E4428E78|MyBedroom - Black Marble - Large Glass Unit|A large MyBedroom glass doored wardrobe with attached cupboard.|Furniture-Storage|L
75E0340F-BFA94ED8-AF16EE15-AAB4F3B5|Modular Kitchen - Double Sideboard - Gold|A double sideboard with drawers. Exclusive to the VEEMEE 3D Printer.|Furniture-Storage|L
761888D6-0B02461D-B625552E-147A7CE6|Tycoon Bookshelf|This bookshelf has enough room to place all you most precious mementos.|Furniture-Storage|L
7758125D-BA704136-A27E26A2-843CDECD|Halloween Kitchen - Hob Unit|The time has come to hit the road and party. Take full advantage of the freedoms a virtual world provides, slip the bus into cruise control and join the party at full speed. Just remember what goes on tour, stays on tour.|Furniture-Storage|L
77EADE34-BE024F5F-A2E80ACE-AFFE6634|Rock Reveller Kitchen - Hob Unit|The time has come to hit the road and party. Take full advantage of the freedoms a virtual world provides, slip the bus into cruise control and join the party at full speed. Just remember what goes on tour, stays on tour.|Furniture-Storage|L
77FB632F-CB6A4877-A81921A9-95535747|Stand|Stand That Evokes Traditional Japan.|Furniture-Storage|L
78058E18-8B054A1E-9C73438A-CD3FB4DD|Whimsy Hollow Dresser|So thats why Whimsy Hollow looked so bare. That grateful Whimsy you found has returned this family heirloom he borrowed.|Furniture-Storage|L
784CD68E-F6D34F68-B5D318A5-9A511DA9|Old Trunk|This furniture is perfect for large rooms and bright spaces. Its neoclassical style combines elegance and quality. Completely handmade with the highest quality material, each individual piece is unique. An innovative design with classical influences that will make your space live up to your expectations. Don t settle for less.|Furniture-Storage|L
792A1470-EC264215-8086AC48-CC386439|Fridge Freezer Wood Effect|The LIVING luxury furniture brand combines style with affordability. Covering a range of designs, this collection with answer all your decorating needs remember...Fashion passes, style remains, LIVING is the key.|Furniture-Storage|L
7930C8EB-3A044CE3-ABE4A5CA-EB53BE8D|Animated Multi-Colored Shelf|Heres a fluorescent shelf that actually changes colors.|Furniture-Storage|L
793450F4-747741C6-B7A83109-82BE88F3|Dollys Diner Straight Counter - Turquoise|Lockwood revisits a Cucumber classic and gives it a fresh pop of color. Gift this to a friend and then call in for a burger and milkshake.|Furniture-Storage|L
79779C09-24F24A33-AA8A72B3-9BF66DA8|MyOffice - Single - Storage Unit|Storing overdue reports is essential to keeping the office space clean and work friendly. Keep your desk and office report free with this storage unit.|Furniture-Storage|L
79B9FB76-BDFA45C2-9B957F6D-B2251BBF|MyKitchen - End Corner - Premium Oak|A corner unit to put at the end of the counter.|Furniture-Storage|L
7A51D092-E0424780-B6AF20AA-125FBA8B|WT Drawers (Bedroom Set)|You can always use a little extra storage space.|Furniture-Storage|L
7ABF2C32-CC60489B-8BEAEF80-A5CEE73E|Green Item Box|A Large Storage Box. By Owning This Box, 25 More Items Can Be Stored At The Item Box Of L-Project.|Furniture-Storage|L
7B73974B-67274BEB-B9BC5C34-AB520021|Priny Rack Christmas Special Version|Priny Furniture Series Christmas Limited Edition. The Colorful And Joyful Look Of The Christmas Colors Will Make The Atmosphere Of Your Room More Lively.|Furniture-Storage|L
7B7AA62B-059A4C21-9D8C97E6-C07623C3|TV Table Dark Brown|A TV Table. Dark Brown.|Furniture-Storage|L
7BCEFE95-163B4338-98ECBC5A-254710A9|Modular Kitchen - Double Unit - Gold|A double unit with cupboards, countertop and wall mounted cupboards.|Furniture-Storage|L
7C34FB75-43F14645-93B8176A-B3532062|Modular Kitchen - Refrigerator - White|A refrigerator.|Furniture-Storage|L
7C420F02-3D1F4F0F-B66540DB-7A4F40EF|Fridge Freezer Flag (Norway)|The LIVING luxury furniture brand combines style with affordability. Covering a range of designs, this collection with answer all your decorating needs remember...Fashion passes, style remains, LIVING is the key.|Furniture-Storage|L
7CB13CE4-52624175-8D0ED961-0BEC89F8|Modular Kitchen - Double Unit - Tomato|A double unit with cupboards, countertop and wall mounted cupboards.|Furniture-Storage|L
7D68EBF3-DC6342A0-80E2193D-5F172E4C|Modular Kitchen - Sink - Lime|A single unit with sink and wall mounted cupboards. Exclusive to the VEEMEE 3D Printer.|Furniture-Storage|L
7DD5C528-794E4F4D-8DC5110D-0D12B7BF|MyKitchen - Sink - Premium Oak|A single unit with sink and wall mounted cupboards.|Furniture-Storage|L
7F55E379-E53C473D-8EB8B37A-4D900E8D|Spice Double Cabinets with Sink - Salt|Sleek and stylish kitchen furniture from Cucumber.|Furniture-Storage|L
7F637E2F-98C34407-BCCA4DD0-36083853|Modular Kitchen - Refrigerator - Lime|A refrigerator. Exclusive to the VEEMEE 3D Printer.|Furniture-Storage|L
80F1D0BE-C5E4436B-8AE10889-82664979|MyBedroom - Birch Wood - Double Wardrobe|A MyBedroom large wardrobe|Furniture-Storage|L
811996B8-16AA4851-94E800F3-E2E5BE3F|Cerkez Kitchen - Sink Unit|LIVING launches as a luxury furniture brand with this modular kitchen. Designed in base and wall unit sections, they will fit into almost any position in any order. They certainly will add that touch of top class quality. Whatever your preferred style, LIVING will provide the answer to your catering needs with these marvellous modular kitchens remember..Fashion passes, style remains, LIVING is the key.|Furniture-Storage|L
81BD5109-6C824979-BC6F5A0E-9947A9D8|Sideboard Wood Effect (dark)|The LIVING luxury furniture brand combines style with affordability. Covering a range of designs, this collection will answer all your decorating needs remember...Fashion passes, style remains, LIVING is the key.|Furniture-Storage|L
82B38216-37494C26-A36F506C-6FECF7C9|WT Boat Shelves  1|Row, row, row your boat. . .|Furniture-Storage|L
833C7909-AD474177-AB6EE5A9-DEC3A8DC|Treasure Chest|What every pirates hope for at the end of their journey.|Furniture-Storage|L
835B1846-6C614138-8324F688-50070EA8|Spice Double Cabinets with Sink - Paprika|Sleek and stylish kitchen furniture from Cucumber.|Furniture-Storage|L
839DCEFB-4CFC4909-9B9A21B7-0DA0F5F1|Fridge Freezer Black|The LIVING luxury furniture brand combines style with affordability. Covering a range of designs, this collection with answer all your decorating needs remember...Fashion passes, style remains, LIVING is the key.|Furniture-Storage|L
840F73AD-A9F244CC-AC835B7B-C06244F5|Retro Modern Cupboard|A vintage style kitchen with all the mod cons of the day.|Furniture-Storage|L
84D4B808-318C4D4D-BC9A4DF4-AE0E7A38|Ornate Bedside Drawers - Walnut|Have a homely, characterful apartment in seconds with this tasteful, high quality, historic reproduction furniture.|Furniture-Storage|L
852CDD47-ED844842-86728748-DD8B54DD|Wooden Sideboard - Birch|Innovative, luxurious, and immaculate quality. Exactly what you expect from Figment furniture.|Furniture-Storage|L
8537F1E6-C17D4927-BC3C670A-F0F3F87D|Fridge Freezer Flag (Italy)|The LIVING luxury furniture brand combines style with affordability. Covering a range of designs, this collection with answer all your decorating needs remember...Fashion passes, style remains, LIVING is the key.|Furniture-Storage|L
855798AB-D2D14480-AB38175F-78C1A2C8|Fridge Freezer Kitten|The LIVING luxury furniture brand combines style with affordability. Covering a range of designs, this collection with answer all your decorating needs remember...Fashion passes, style remains, LIVING is the key.|Furniture-Storage|L
8574591D-F2D04D17-8D97E3DC-7A820059|Rustic Crate|A handcrafted rustic crate.|Furniture-Storage|L
85D571DA-923C4F3C-B0D05444-2628D302|Natural Wood Dresser|Unstained natural wood dresser with ornate decorative carving.|Furniture-Storage|S
86026A6F-95324C8D-B14DE6C3-BEDB1424|Modular Kitchen - Corner Unit - Gold|A unit that fits perfectly into a corner. Includes cupboards, countertop and wall mounted cupboards.|Furniture-Storage|L
866E0084-4F9F4E88-AD41F06F-488DA8FB|Truzzi Kitchen - Oven Housing|LIVING launches as a luxury furniture brand with this modular kitchen. Designed in base and wall unit sections, they will fit into almost any position in any order. They certainly will add that touch of top class quality. Whatever your preferred style, LIVING will provide the answer to your catering needs with these marvellous modular kitchens remember..Fashion passes, style remains, LIVING is the key.|Furniture-Storage|L
86834CAA-53604C3B-A78508E1-7F86726F|Truzzi Kitchen - Sink Unit|LIVING launches as a luxury furniture brand with this modular kitchen. Designed in base and wall unit sections, they will fit into almost any position in any order. They certainly will add that touch of top class quality. Whatever your preferred style, LIVING will provide the answer to your catering needs with these marvellous modular kitchens remember..Fashion passes, style remains, LIVING is the key.|Furniture-Storage|L
8685ACC6-68284006-A6A9A3F4-7F7FCAF1|Inscribed Cabinet|Even the most elegant facade can harbor dark secrets.|Furniture-Storage|L
86D91FEE-C8554BA4-A20D8380-AC5D8A03|Kitchen Red Color|Kitchen Red|Furniture-Storage|L
87BCA044-70914BC6-AF196099-BBCAC100|Steampunk Copper Bookcase|Relive the days of futures past with this inventive steampunk furniture.|Furniture-Storage|L
886BD0BB-06C74EF3-A2E8AB4E-B5F8563B|Fridge Freezer Cream|The LIVING luxury furniture brand combines style with affordability. Covering a range of designs, this collection will answer all your decorating needs remember...Fashion passes, style remains, LIVING is the key.|Furniture-Storage|L
888E8668-70654117-99F7C399-A65C1646|Wood chest of drawers|This furniture is perfect for large rooms and bright spaces. Its neoclassical style combines elegance and quality. Completely handmade with the highest quality material, each individual piece is unique. An innovative design with classical influences that will make your space live up to your expectations. Don t settle for less.|Furniture-Storage|L
89896859-B6D74815-8E31CE19-C382AA2B|Modular Kitchen - Double Unit - Steel|A double unit with cupboards, countertop and wall mounted cupboards.|Furniture-Storage|L
8A25DFB7-67A14E1C-A231A245-5B0F181A|Rococo-Style Chest|A Rococo-style 3-level chest.|Furniture-Storage|L
8BAE58CE-3DAA4C97-AE977A97-F8AFCB6A|Avedic Kitchen - Hob Unit|LIVING launches as a luxury furniture brand with this modular kitchen. Designed in base and wall unit sections, they will fit into almost any position in any order. They certainly will add that touch of top class quality. Whatever your preferred style, LIVING will provide the answer to your catering needs with these marvellous modular kitchens remember..Fashion passes, style remains, LIVING is the key.|Furniture-Storage|L
8C10E6C7-15DB4A80-B340B865-38CE25B6|House Grimoult Wardrobe|This wardrobe is a masterpiece of craftsmanship and styled after the Grimoult crest.|Furniture-Storage|L
8D369C40-88654FA3-A0F53848-95EA92E5|Rock Reveller Kitchen - Corner Unit|The time has come to hit the road and party. Take full advantage of the freedoms a virtual world provides, slip the bus into cruise control and join the party at full speed. Just remember what goes on tour, stays on tour.|Furniture-Storage|L
8D662BF2-ABB34463-B6F53986-729EFD64|Castle Strakh - Bookshelf|A spine-tingling reward, courtesy of Count Strakh himself.|Furniture-Storage|L
8E3F561A-2F9A44DA-8B4BEFF5-2656F4B6|Amaterasu Shelves|You have a place to show off all your incredibly impressive virtual trinkets. High-five, from your friends at Loot .|Furniture-Storage|L
8F29CDDC-350E4033-AA917AFA-056FC924|Modular Kitchen - Corner Unit - Red|A unit that fits perfectly into a corner. Includes cupboards, countertop and wall mounted cupboards.|Furniture-Storage|L
8F5AA7DA-17E346C8-973A4BBB-391DAE5F|Rock Reveller Kitchen - Standard Unit|The time has come to hit the road and party. Take full advantage of the freedoms a virtual world provides, slip the bus into cruise control and join the party at full speed. Just remember what goes on tour, stays on tour.|Furniture-Storage|L
90D559FD-162A4893-86D17CCA-C868E7A1|Pink Paradise Kitchen - Hob Unit|The time has come to hit the road and party. Take full advantage of the freedoms a virtual world provides, slip the bus into cruise control and join the party at full speed. Just remember what goes on tour, stays on tour.|Furniture-Storage|L
913A886C-970E477D-9AF47423-A319F919|Sturdy Trunk|A traditional, sturdy trunk.  PMExtraCommerce |Furniture-Storage|L
91DC296C-47344A23-A38D48CB-54ACB7DA|Cerkez Kitchen - Oven Housing|LIVING launches as a luxury furniture brand with this modular kitchen. Designed in base and wall unit sections, they will fit into almost any position in any order. They certainly will add that touch of top class quality. Whatever your preferred style, LIVING will provide the answer to your catering needs with these marvellous modular kitchens remember..Fashion passes, style remains, LIVING is the key.|Furniture-Storage|L
91E2536B-6D4B4F9C-89BB4D5F-385196A8|Modular Kitchen - Refrigerator - Steel|A refrigerator.|Furniture-Storage|L
92AD87C7-4D314BAD-959FD8D6-EF78C104|Retro Modern Cupboard with Shelves|A vintage style kitchen with all the mod cons of the day.|Furniture-Storage|L
92DB9BEB-4D634AF5-A5139972-BFBF6F33|Vigilarium Sideboard A|Sideboard from the Primarchs Vigilarium in FINAL FANTASY XIII. 2009, 2010 SQUARE ENIX CO., LTD. All Rights Reserved. CHARACTER DESIGN TETSUYA NOMURA|Furniture-Storage|L
9450AFBD-DAA44939-A9C406C2-32A90E40|House Thaon Wardrobe|This wardrobe is a masterpiece of craftsmanship and styled after the Thaon crest.|Furniture-Storage|L
9450C181-916447B1-84613B80-3587DC69|Fridge Freezer Puppy|The LIVING luxury furniture brand combines style with affordability. Covering a range of designs, this collection with answer all your decorating needs remember...Fashion passes, style remains, LIVING is the key.|Furniture-Storage|L
94BA27F5-7B7F419D-87B0E08F-E36C317C|Tropical Living Room Carved Chest|May or may not contain sea shells, exotic necklaces, and colorful stones.|Furniture-Storage|L
94F8CFC8-DC3A47A9-9CA42A52-213A2355|CAS - Rocket Rack|If you are looking for rocket racks then these are the ones you re looking for. These rocket racks are preloaded with 6 D2O-CASSR Smart Rockets. These rocket racks are specially designed to easily stack with the entire line of CAS containers and Scaffolding.|Furniture-Storage|L
9531983B-0FAF43CA-BA3A75E1-F089B953|MyOffice - Corner - Desk Height Cabinet|Storing overdue reports is essential to keeping the office space clean and work friendly. Keep your desk and office report free with this desk high cabinet.|Furniture-Storage|L
95A8B6E7-A0A846E1-AD2E52CF-9E2A3867|Spice Triple Cabinets - Pepper|Sleek and stylish kitchen furniture from Cucumber.|Furniture-Storage|L
9677B8E4-98514B71-8EF072E4-C77BDFA5|MyBedroom - Burgundy - Bedside Cabinet|A MyBedroom bedside cabinet|Furniture-Storage|L
96EAED8F-5D2541B0-89B3ED76-FD6EE483|Rock Reveller Kitchen - Sink Unit|The time has come to hit the road and party. Take full advantage of the freedoms a virtual world provides, slip the bus into cruise control and join the party at full speed. Just remember what goes on tour, stays on tour.|Furniture-Storage|L
96F04ABD-56794FF5-B6CAD675-DDBFE48A|Item Box Gold|ItemBox Gold|Furniture-Storage|L
97220D0A-3FBD4845-8E919B3F-32944866|WT Wine Rack (DR Set 1)|When talking about your collection, use terms like, full-bodied taste, refreshing finish, intense and layered, and, of course, the ever-popular nuanced character. People will believe youre a connoisseur.|Furniture-Storage|L
9818E34B-732F4BD6-B55ABD4F-05C8BA68|Translucent Credenza|Look through each one of your cabinets without even opening a drawer with this translucent cabinet.|Furniture-Storage|L
98405416-D7374895-A1791F02-BA6D5C4C|Baseball Cooler|Take your beverages to the ballgame.|Furniture-Storage|L
98A2AA09-5F9F4EB9-9C9ECA29-14CE0E90|Sideboard - Cream|The LIVING luxury furniture brand combines style with affordability. Covering a range of designs, this collection will answer all your decorating needs remember...Fashion passes, style remains, LIVING is the key.|Furniture-Storage|L
98DEABCF-0661496E-BB8F71FA-31B40E84|Nebula Air Ship - Shelf|Inspired by shifting cloud patterns, this shelf space will fit seamlessly in any apartment.|Furniture-Storage|L
990BE266-45A24207-AD77DD8F-ECB952A2|Avedic Kitchen - Oven Housing|LIVING launches as a luxury furniture brand with this modular kitchen. Designed in base and wall unit sections, they will fit into almost any position in any order. They certainly will add that touch of top class quality. Whatever your preferred style, LIVING will provide the answer to your catering needs with these marvellous modular kitchens remember..Fashion passes, style remains, LIVING is the key.|Furniture-Storage|L
99A25C21-C6BC465D-AE57D31D-A3CA75C2|Modular Kitchen - Corner Unit - Lime|A unit that fits perfectly into a corner. Includes cupboards, countertop and wall mounted cupboards. Exclusive to the VEEMEE 3D Printer.|Furniture-Storage|L
99FAC21D-CF704D4D-8C04E50E-4C230699|Country Chic Kitchen - Corner Unit|The time has come to hit the road and party. Take full advantage of the freedoms a virtual world provides, slip the bus into cruise control and join the party at full speed. Just remember what goes on tour, stays on tour.|Furniture-Storage|L
9A1B8D04-0C0A4274-9C710C7E-0946BCA0|Waterfall Terrace Curved-top Chest|Dark stained wood matches well with the Dark aged leather furniture.|Furniture-Storage|L
9AB75B34-FB134862-8EC5ED53-964F415B|Ghostbusters Locker - Open|A Ghostbusters inspired set decoration piece for use in the LOOT Stage Set personal space. Check out the Ghostbusters Locker Room Bundle for an exclusive item.|Furniture-Storage|L
9AED514E-3341495F-91502CE9-BC796C11|Modular Kitchen - Double Sideboard - White|A double sideboard with drawers. Exclusive to the VEEMEE 3D Printer.|Furniture-Storage|L
9C071D07-611244EB-BC13B579-1E254122|Fridge Freezer Pink|The LIVING luxury furniture brand combines style with affordability. Covering a range of designs, this collection with answer all your decorating needs remember...Fashion passes, style remains, LIVING is the key.|Furniture-Storage|L
9D990E58-B85A4955-894CD296-AD85CBB6|Tropical Bar|You ll get there fast and then you ll take it slow.|Furniture-Storage|L
9DB57E0A-69804EC0-A0E841E1-4EFECDBD|Zest Chest of Drawers - Raspberry|Brighten up your bedroom with this juicy collection from Cucumber.|Furniture-Storage|L
9E15918D-0F5A4AAC-BBFC0AB7-8B8CF43D|Crystal Entertainment Center|It will look like your TV is floating on air.|Furniture-Storage|L
9E91DBD2-3CA5416A-86967DA4-F898CA9A|Modernist Chest of Drawers - Romance|Clean modern lines with a touch of romance.|Furniture-Storage|L
9F28D2ED-F462444C-9980C48E-12819293|Ninja Locker|A Ninja-specified Locker. Ninja Also Uses Dressing Rooms.|Furniture-Storage|L
9F73E680-A4A049A1-925BBCA8-2D67E7D5|Simple Chest|A handcrafted simple chest.|Furniture-Storage|L
9F9DE451-53614EC2-92ADA650-79DE23DF|Crazy Red Chest Drawer|Its colorful, its funny, but most of all its crazy.. Crazy furniture will add joy anywhere you place it. I know its mad, but it looks good.|Furniture-Storage|L
9FD15B42-7FEA461F-B74E3528-1E089ABE|Prehistoric Valley Pachycephalosaurus Shelves|Prehistoric Valley from Lockwood a time AND a place.|Furniture-Storage|L
9FD730FC-702843EA-83A86F3A-F24DB4E9|Carved Antiquities Cabinet|Who knows what arcane horrors are hidden within these delicately carved doors?|Furniture-Storage|L
A0C17AD0-1BFB4AB5-A17DE4AA-63422A26|MyKitchen - Single Sideboard - Premium Oak|A single sideboard unit with counter top and numerous draws.|Furniture-Storage|L
A15A7BC1-4D224F65-8817A452-8581A854|MyBedroom - Burgundy - Single Wardrobe|A MyBedroom small wardrobe|Furniture-Storage|L
A167B4ED-5281429D-B15815CC-3DD04318|4-level bookshelf - tall - narrow|A stylish way to store your things.|Furniture-Storage|L
A22E6255-FC354D50-BB63F457-D939F7B9|Fridge Freezer Hamster|The LIVING luxury furniture brand combines style with affordability. Covering a range of designs, this collection with answer all your decorating needs remember...Fashion passes, style remains, LIVING is the key.|Furniture-Storage|L
A5268D65-E0C048EF-884F48B5-48731918|Dollys Diner Curved Counter|Create that classic All-American Diner look in your apartment with the Dollys Diner Furnishings Range from Cucumber.|Furniture-Storage|L
A5C5BC2D-E2AB4F66-A0D2A845-3D111335|MyBedroom - Burgundy - Double Wardrobe|A MyBedroom large wardrobe|Furniture-Storage|L
A6410AAC-CE434518-8A41062C-823BC4A5|Santorini Chest Of Drawers|Three drawers and two cabinets give you ample space for your belongings.|Furniture-Storage|L
A67A060D-6C894766-B57AF2F6-8740B935|Stage 2 Bookshelf|A bookshelf with wood panels and metal legs.|Furniture-Storage|L
A766DEE7-68854BC7-8CB5ED66-8FC05A4D|MyBedroom - Burgundy - Cupboard|A MyBedroom cupboard.|Furniture-Storage|L
A775D17D-85794832-AB06FED1-76E9CC0B|Cerkez Kitchen - Standard Unit|LIVING launches as a luxury furniture brand with this modular kitchen. Designed in base and wall unit sections, they will fit into almost any position in any order. They certainly will add that touch of top class quality. Whatever your preferred style, LIVING will provide the answer to your catering needs with these marvellous modular kitchens remember..Fashion passes, style remains, LIVING is the key.|Furniture-Storage|L
A7A37809-20E0483F-92B6A907-89B8D87A|TORO Wooden Shelf|High-quality items are called top-shelf. Does that mean that placing any of these items on this shelf will improve their quality?|Furniture-Storage|L
A83AA200-92E3461D-8F7263A5-60A11C9A|Halloween Kitchen - Standard Unit|The time has come to hit the road and party. Take full advantage of the freedoms a virtual world provides, slip the bus into cruise control and join the party at full speed. Just remember what goes on tour, stays on tour.|Furniture-Storage|L
A8A9D948-6BB645C9-96BBEE53-AB40B723|Ghostbusters Antique Chest|A Ghostbusters inspired set decoration piece for use in the LOOT Stage Set personal space. Check out the Ghostbusters Den Bundle for an exclusive item.|Furniture-Storage|L
A8E8EA48-CD14449C-8A3E20AF-A07E1630|Ornate Bedside Drawers - Niello|Have a homely, characterful apartment in seconds with this tasteful, high quality, historic reproduction furniture.|Furniture-Storage|L
A9A5C1A3-79E349E4-A1C5041A-D471907A|LOOT 240 TV Stand|The perfect stand, specifically designed for your 240 LOOT EOD TV. This TV Stand is exclusive when you purchase the 240 LOOT EOD TV or the LOOT EOD TV Bundle.|Furniture-Storage|L
AA6DDECA-D17148E4-B56E412D-2E6734E4|Waterfall Terrace Chest|Just like your grandmother used to keep buried up in her attic.|Furniture-Storage|L
AC5069F4-C77C4ADA-BA1430DE-22A4BCE6|Retro Modern Cupboard and Wall Cabinet|A vintage style kitchen with all the mod cons of the day.|Furniture-Storage|L
ACF039A2-40ED4E36-AB68B97A-A4D7C049|Apocalyptic Grey Storage Locker|Store your meager belongings.|Furniture-Storage|S
ACFE0D85-71B546CB-A0C24F71-256115F4|MyOffice - Double - Desk Height Cabinet|Storing overdue reports is essential to keeping the office space clean and work friendly. Keep your desk and office report free with this desk high cabinet.|Furniture-Storage|L
AE6F0D57-5DF64822-9A34A439-496DF118|Retro Modern Sink and Dishwasher|A vintage style kitchen with all the mod cons of the day.|Furniture-Storage|L
AFA94496-B2E04595-9B5107D4-24092B8B|Halloween Kitchen - Corner Unit|The time has come to hit the road and party. Take full advantage of the freedoms a virtual world provides, slip the bus into cruise control and join the party at full speed. Just remember what goes on tour, stays on tour.|Furniture-Storage|L
B129366D-98E34A64-84C04E84-A113EC83|Simple Bookshelf|A handcrafted simple bookshelf.|Furniture-Storage|L
B25AC6CA-EA09491F-AA7E286F-4CCFE417|Fridge Freezer Flag (Great Britain)|The LIVING luxury furniture brand combines style with affordability. Covering a range of designs, this collection with answer all your decorating needs remember...Fashion passes, style remains, LIVING is the key.|Furniture-Storage|L
B2DEB1BC-D96C4150-8F19B9BD-9563AFA3|Spice Triple Cabinets - Paprika|Sleek and stylish kitchen furniture from Cucumber.|Furniture-Storage|L
B2E51571-731A4EDF-B00C83AB-12DBB060|Priny Rack|The Priny Furniture Series Now Includes A Rack. The Colorful And Fun Look Will Brighten Up The Atmosphere Of Your Room.|Furniture-Storage|L
B2F10442-0647499E-8BF2B612-9A12C9B5|MyKitchen - Corner Unit - Premium Oak|A unit that fits perfectly into a corner. Includes cupboards, countertop and wall mounted cupboards.|Furniture-Storage|L
B38418A6-D10C4F38-891A7765-0387F89A|MyBathroom - Dark Wood - Corner Unit|MyBathroom modular furniture.|Furniture-Storage|L
B3D720AF-8E9F4B8B-BC063963-A216BE35|Modern Bookshelves - Arctic|Collect all the hidden furniture in the Arctic Dream Yacht to get it looking shipshape.|Furniture-Storage|L
B43D23A6-BB294884-B9C4D015-10D869DD|Rustic Wheelbarrow|A handcrafted rustic wheelbarrow.|Furniture-Storage|L
B43F68AE-0F4D4B6F-B7E7383B-A78FEC27|Modular Kitchen - Corner Unit - Steel|A unit that fits perfectly into a corner. Includes cupboards, countertop and wall mounted cupboards.|Furniture-Storage|L
B4F2DB47-A47C44D4-A516F3AD-49FFC8B2|Cabinet of Curiosities|Lets see. Bat Drippings, a box that says assorted scales and a jar of Monkey Flakes. And Cat Knuckles. Cat Knuckles.?. How barbaric.|Furniture-Storage|L
B58EE5C8-33784338-9247F5AE-A9594D0E|Prehistoric Canyon Pachycephalosaurus Shelves|An item 65 million years in the making|Furniture-Storage|L
B5AEB315-8FFA41F0-935731F5-1CA05706|Gold Trim Dresser|Keep all your unmentionables in this golden dresser.|Furniture-Storage|L
B5F47B6C-12054AD7-8624C8F3-DD0191EE|Modular Kitchen - Corner Unit - Tomato|A unit that fits perfectly into a corner. Includes cupboards, countertop and wall mounted cupboards.|Furniture-Storage|L
B66D55B4-9C1A4E44-A12C5540-72E4ADE8|Anime Green Crate|For storing rations, clothes, or bath towels.|Furniture-Storage|L
B7DFCA2A-9A4043FC-8AFCC5F8-BCF08426|Spice Double Oven Cabinets - Pepper|Sleek and stylish kitchen furniture from Cucumber.|Furniture-Storage|L
B88A4947-726D49D9-A9BF96E2-50313429|Gold Trim Cubical Shelves|Gold trimmed shelving for all your trophies or knick knacks.|Furniture-Storage|L
B8E3FBCA-10A94E0D-A0A0DC96-7358FB3C|Contemporary Bedside Drawers - Rustic|Add warmth and charm to your apartment with the Contemporary Range from Cucumber.|Furniture-Storage|L
B9189D42-E1404262-85D5A2B2-35A6D65B|Modular Kitchen - Refrigerator - Red|A refrigerator.|Furniture-Storage|L
B95DE79E-C92C4760-A2A46444-31D466DC|Modular Kitchen - Single Unit - Black|A single unit with cupboards, countertop and wall mounted cupboards.|Furniture-Storage|L
BA0512CC-5AEA4AD3-A724720F-233F8356|MyBedroom - Black Marble - Cupboard|A MyBedroom cupboard.|Furniture-Storage|L
BA1542F5-F6774481-8783C6A3-57B89BB9|Telephone Booth|Ring ring. Its for you.|Furniture-Storage|L
BB2F7CB2-5BE544D5-B749173C-64A4F7A6|SVER Gun Rack|This is where SVER soldiers store their weapons when they are not on duty. However, its common for members of SVER to never put down their firearms.|Furniture-Storage|L
BDE88A69-330547F9-96E37679-CF31ED72|WT Grill|Pretend to cook virtual food. No mess. No clean up. Zero calories.|Furniture-Storage|L
BDF4C1B8-4CBD46CC-93CF8724-288A90C0|Animated Gold China Cabinet|A golden cabinet with glass paneled doors.|Furniture-Storage|L
BDF9391F-92F54369-BEE91248-5EBEA67E|Modular Kitchen - Single Unit - Tomato|A single unit with cupboards, countertop and wall mounted cupboards.|Furniture-Storage|L
BDFCD7CC-78F34636-88F5D123-C9B8EF72|Avedic Kitchen - Sink Unit|LIVING launches as a luxury furniture brand with this modular kitchen. Designed in base and wall unit sections, they will fit into almost any position in any order. They certainly will add that touch of top class quality. Whatever your preferred style, LIVING will provide the answer to your catering needs with these marvellous modular kitchens remember..Fashion passes, style remains, LIVING is the key.|Furniture-Storage|L
BED207DD-A90642D2-ACF11602-18750F76|Modular Shelving Unit|An artsy way of storing all of those unread books.|Furniture-Storage|L
C0743B70-A2BA4AC1-8D1BBF2E-9853BD41|Modular Kitchen - Single Sideboard - Black|A single sideboard with drawers. Exclusive to the VEEMEE 3D Printer.|Furniture-Storage|L
C099EB96-A1104DE5-98D7BB51-35043A14|MyBathroom - Slate - Double Sink|MyBathroom modular furniture.|Furniture-Storage|L
C0B41E85-10D94EE2-84539EB4-8979BDA7|Cupboard Unit - Gingerbread|All the warmth and comfort of a country kitchen, with that added Cucumber zing.|Furniture-Storage|L
C1190177-468543B4-99A67672-883B0FEB|Egyptian Hand-Carved Chest|Note the beautifully carved sides.|Furniture-Storage|L
C1576AA5-9EAC43C4-8F58D372-D8C9CFDB|Egyptian Red And Black Chest|Perfect for all your jars, amulets, and decorative pillows.|Furniture-Storage|L
C19FE6C7-F7EB4AB3-8C97E53A-F631CC51|Occult Sideboard|The dark images etched on this sideboard are not for the faint of heart.|Furniture-Storage|L
C28A9662-60A84F4C-9B9CC95A-06A1B78E|MyBedroom - Birch Wood - Bedside Cabinet|A MyBedroom bedside cabinet|Furniture-Storage|L
C2A948F0-ACCF41E2-A206C06B-D23684E1|MyBedroom - Black Marble - Double Wardrobe|A MyBedroom large wardrobe|Furniture-Storage|L
C2DD837F-48A54B7D-9ABE396B-5F51F2E4|DIYR - Night Stand|Race through this night stand with your DIY Racer RC car. Go get the DIY Racer mini-game and turn your apartments into a race track.|Furniture-Storage|L
C2FF7992-D1B54DD0-A843089C-3238F878|Ball Squeezer Prize 9|Ball Squeezer Prize 9|Furniture-Storage|L
C4EB478D-49834342-9432BADE-96DE607C|Living Shelf Black|Storage Shelves Of Functional And Figurative Beauty.|Furniture-Storage|L
C578E054-33554741-AD0B9F3E-9F5FD7AB|Modern Lines Sink Unit - Dazzle|Cucumbers Modern Lines Bathroom Range brings signature edgy cool to functional appliances and storage solutions.|Furniture-Storage|L
C5CC5E4D-7B85474B-A809110E-98ECB198|White Square Shelf|Storage Shelves Of Functional And Figurative Beauty.|Furniture-Storage|L
C5E5F5C4-46544602-BCF46689-4E39B112|Fridge|Electrical Equipment In Which Food Is Kept Cold So That It Stays Fresh.|Furniture-Storage|L
C6300B8B-2AC64CFD-B7DAFBE0-FBF5B133|Cerkez Kitchen - Corner Unit|LIVING launches as a luxury furniture brand with this modular kitchen. Designed in base and wall unit sections, they will fit into almost any position in any order. They certainly will add that touch of top class quality. Whatever your preferred style, LIVING will provide the answer to your catering needs with these marvellous modular kitchens remember..Fashion passes, style remains, LIVING is the key.|Furniture-Storage|L
C6365F49-525F4128-AF7F3680-4D22279C|MyBedroom - Birch Wood - Single Wardrobe|A MyBedroom small wardrobe|Furniture-Storage|L
C6734072-E86645F1-953717F2-122AC9E8|Cerkez Kitchen - Hob Unit|LIVING launches as a luxury furniture brand with this modular kitchen. Designed in base and wall unit sections, they will fit into almost any position in any order. They certainly will add that touch of top class quality. Whatever your preferred style, LIVING will provide the answer to your catering needs with these marvellous modular kitchens remember..Fashion passes, style remains, LIVING is the key.|Furniture-Storage|L
C767FB5E-C7144686-A6D062C7-02797123|Crates|What did the Barrel say to the Crate? Be there or be Square.|Furniture-Storage|L
C8172A52-B0DD4FAE-BE438AC8-5BFEA30A|Modular Kitchen - Single Sideboard - Gold|A single sideboard with drawers. Exclusive to the VEEMEE 3D Printer.|Furniture-Storage|L
C86A95B9-1E4146CB-90AE3F13-649DC10C|Wood Shelf|Storage Shelves Of Functional And Figurative Beauty.|Furniture-Storage|L
C8D004E9-256246E4-8986FEC0-C1DDB8F0|Ammo Pick-up|Better stock pile your ammo, you never know when you might run out.|Furniture-Storage|L
C8D4514B-99C148FB-994A64D7-E41ECAFA|Modernist Chest of Drawers - Organic|Fresh Cucumber designs perfect for creating a modern interior.|Furniture-Storage|L
C98DB869-D5AF49E9-A8623F7E-A202AF85|WT Dresser (Bedroom Set)|No bedroom is complete without the dresser.|Furniture-Storage|L
CA00DC98-46BA47E1-9DC10CE1-1163CDDF|Wood Square Shelf|Storage Shelves Of Functional And Figurative Beauty.|Furniture-Storage|L
CABF474C-F6874500-A4359938-8CF136FC|TV Table For Corner Dark Brown|It Is An Excellent TV Table To Place In A Corner. Dark Brown.|Furniture-Storage|L
CD3757AD-2A7347B5-B60AB34D-48DE4CC7|Sword Cabinet|Decorated swords from people who have been defeated by your blade. Or not. It would make a good story though.|Furniture-Storage|L
CF75025E-FDE7477E-A35221B5-13F22A51|MyBedroom - Teak Wood - Bedside Cabinet|A MyBedroom bedside cabinet|Furniture-Storage|L
CF8113E9-6F0545C9-88031442-85BB7DDB|MyBathroom - Slate - Corner Unit|MyBathroom modular furniture.|Furniture-Storage|L
D0611A28-45A3465F-B7037695-D3453E63|Wooden Sideboard - Walnut|Innovative, luxurious, and immaculate quality. Exactly what you expect from Figment furniture.|Furniture-Storage|L
D0CA55AB-A26F4370-AABC950D-1D348007|Dream Hideaway - Drawers|Look what you found. Clever you.|Furniture-Storage|L
D1CE2390-42BF4FA2-AF13D12D-229E6911|LOOT Modern TV Stand 2|The perfect stand for your LOOT EOD TV. No assembly required. Check out the LOOT EOD TV Bundle for the most amazing deal we ve ever had.|Furniture-Storage|L
D31034C1-DD7E4F4C-8F39B183-3CE92782|Fridge Freezer Flag (Germany)|The LIVING luxury furniture brand combines style with affordability. Covering a range of designs, this collection with answer all your decorating needs remember...Fashion passes, style remains, LIVING is the key.|Furniture-Storage|L
D346FFFE-3FF944CF-97FF12D1-2AF5823D|Dollys Diner Curved Counter - Turquoise|Lockwood revisits a Cucumber classic and gives it a fresh pop of color. Gift this to a friend and then call in for a burger and milkshake.|Furniture-Storage|L
D404AFD5-A10F4F18-989B0079-4BDE359E|Pink Paradise Kitchen - Oven Housing|The time has come to hit the road and party. Take full advantage of the freedoms a virtual world provides, slip the bus into cruise control and join the party at full speed. Just remember what goes on tour, stays on tour.|Furniture-Storage|L
D42D900C-56414A9E-B7B90611-323A7191|Naugahyde Credenza|Heres yet another piece of pleather furniture to go along with the rest of your pleather themed room.|Furniture-Storage|L
D4E8D71C-2DC14A47-98255CD1-DD7562D7|TV Table For Corner Black|It Is An Excellent TV Table To Place In A Corner. Black.|Furniture-Storage|L
D5F5C15A-3D4F4B0D-B2B6B7F5-9C432A08|MyKitchen - Double Unit - Premium Oak|A double unit with cupboards, countertop and wall mounted cupboards.|Furniture-Storage|L
D6AAC98B-FD5E405B-A01C0CA1-010E0805|Fridge Freezer Flag (Canada)|The LIVING luxury furniture brand combines style with affordability. Covering a range of designs, this collection with answer all your decorating needs remember...Fashion passes, style remains, LIVING is the key.|Furniture-Storage|L
D6BDFC00-85884930-B6262165-5F2D16E2|Pink Paradise Kitchen - Standard Unit|The time has come to hit the road and party. Take full advantage of the freedoms a virtual world provides, slip the bus into cruise control and join the party at full speed. Just remember what goes on tour, stays on tour.|Furniture-Storage|L
D7CA5BEA-E4F6445A-AF366E44-A6BEF11D|Sodium Graffiti Drawers|Because who wants furniture that isnt covered in paint splatter?|Furniture-Storage|L
D8F9F5C3-6B6447EA-A0CB3FB1-6B98EB94|Cage|An empty cage.  PMExtraCommerce |Furniture-Storage|L
D984D92A-6B70466C-A3E6613A-C703650E|Avedic Kitchen - Standard Unit|LIVING launches as a luxury furniture brand with this modular kitchen. Designed in base and wall unit sections, they will fit into almost any position in any order. They certainly will add that touch of top class quality. Whatever your preferred style, LIVING will provide the answer to your catering needs with these marvellous modular kitchens remember..Fashion passes, style remains, LIVING is the key.|Furniture-Storage|L
D9B2FFDA-035B4ED5-B03524F6-FE78BEDD|MyBedroom - Birch Wood - Tallboy|A MyBedroom tallboy style chest of drawers.|Furniture-Storage|L
DB1C0852-16C645B9-81BE44E4-E3309D0B|Modular Kitchen - Double Sideboard - Red|A double sideboard with drawers. Exclusive to the VEEMEE 3D Printer.|Furniture-Storage|L
DBECAC67-1B964DBB-BDD16C1F-772DCDDC|Gold Humpback Chest|A gold colored chest.|Furniture-Storage|L
DC29EE39-39F14034-AAE7A241-70B873B8|MyOffice - Double - Countertop Unit|Storing overdue reports is essential to keeping the office space clean and work friendly. Keep your desk and office report free with this storage unit.|Furniture-Storage|L
DD9E5F2C-C29D4E37-A3827480-A3904C82|Decorative Shelf|Decorative Shelf With A Nostalgic Air.|Furniture-Storage|L
DDF405C4-0FD04823-B0E0EFB9-23A24443|Racing Bar|When the day is done, saddle up to the bar and pour a tall cool one.|Furniture-Storage|L
DE6A31F8-64404FC4-BC75304E-B065A437|Playground Bookcase|Big enough to fit your vinyl collection.|Furniture-Storage|L
DEEA990E-0C3D4F29-A29D8788-1A5C7510|Kitchen, Pink Color|Kitchen Pink|Furniture-Storage|L
DFA4A794-8314470C-85770B36-5486AA49|Watendlath - Dining Room Dresser|The LIVING dining Collection adds to this luxury furniture brand. Designed to add that touch of top class quality to any apartment. Each set comes with three varieties of chair. Whatever your preferred style, LIVING will provide the answer to your dining needs with these marvellous dining room sets remember...Fashion passes, style remains, LIVING is the key.|Furniture-Storage|L
E0A70665-B66C4F78-9C820B41-BE43C2CD|Modular Kitchen - Double Sideboard - Tomato|A double sideboard with drawers|Furniture-Storage|L
E11B32F8-A3354FFD-BCE50773-895653F1|Sideboard - Black|The LIVING luxury furniture brand combines style with affordability. Covering a range of designs, this collection will answer all your decorating needs remember...Fashion passes, style remains, LIVING is the key.|Furniture-Storage|L
E217ABBA-0A794E21-B69F1D43-D35D61B1|921 Acacia Drive - Bookshelf|Live the suburban dream at 921 Acacia Drive.|Furniture-Storage|L
E264E487-79074FB4-ACA15E32-2F6CC291|Baby Prince Room - drawers|Royal blues or pinks? The world is waiting to see whether the future British heir to the throne will be a boy or a girl? To celebrate we have everything youll need to create your royal nursery in blue or pink. Everyone can join in the fun by grabbing a free prediction t-shirt, you decide whether you think the baby is a new prince or princess.|Furniture-Storage|L
E2C41F19-C6144A63-BA3EB322-691957F1|Truzzi Kitchen - Hob Unit|LIVING launches as a luxury furniture brand with this modular kitchen. Designed in base and wall unit sections, they will fit into almost any position in any order. They certainly will add that touch of top class quality. Whatever your preferred style, LIVING will provide the answer to your catering needs with these marvellous modular kitchens remember..Fashion passes, style remains, LIVING is the key.|Furniture-Storage|L
E304D581-35D744D3-8AF9B84D-98BBC983|Ultra Modern Bedside Drawers|Look what you found. Clever you.|Furniture-Storage|L
E4214A52-861B4491-B34C62A4-04280AC6|CAS - Ammo Crate|Need to store more ammo? You need CAS-Ammo Crates. The CAS-Ammo Crates stack great on each other or on CAS-Scaffolding. Youll never run out of ammo as long as you have CAS-Ammo Crates.|Furniture-Storage|L
E44149D7-7783406B-8A6C4DDB-D9B8F235|Apocalyptic Grey Waste Drum|You dont want to know whats in here.|Furniture-Storage|S
E455D5E9-1AAF4555-A91CB82A-C07C2F65|Chrome Credenza|Heres yet another piece of chrome colored furniture to go along with the rest of your chrome colored room.|Furniture-Storage|L
E6C83A71-A9A04673-B9CCF872-54657E36|MyBathroom - Dark Wood - Wardrobe|MyBathroom modular furniture.|Furniture-Storage|L
E8F8A264-D3424DCE-96E7745E-C180E4F2|MyOffice - Double - Storage Unit|Storing overdue reports is essential to keeping the office space clean and work friendly. Keep your desk and office report free with this storage unit.|Furniture-Storage|L
E9BB5B1D-F0234967-B2634BF6-11A60F58|Modular Kitchen - Double Unit - Red|A double unit with cupboards, countertop and wall mounted cupboards.|Furniture-Storage|L
E9E67FF0-62FF4F6B-B03F938B-6A878180|Red Square Shelf|A Convenient Storage Shelf To Put Things On.|Furniture-Storage|L
EA784911-0E104D32-9A45543C-57CD60A8|MyOffice - Tall Robe|Storing overdue reports is essential to keeping the office space clean and work friendly. Keep your desk and office report free with this door cupboard.|Furniture-Storage|L
EB9F700A-50F949A0-8FDFD9E0-E1F31172|Log Cabin Chest|Tall, six drawer chest made out of solid pine.|Furniture-Storage|S
EC812853-82A54F58-877AC48C-6F44C93A|Country Chic Kitchen - Oven Housing|The time has come to hit the road and party. Take full advantage of the freedoms a virtual world provides, slip the bus into cruise control and join the party at full speed. Just remember what goes on tour, stays on tour.|Furniture-Storage|L
ECF2A482-8FAB4C9E-9DF7DCF2-52F26E7A|Modern Bookshelves|Collect all the hidden furniture in the Dream Yacht to get it looking shipshape.|Furniture-Storage|L
ED9E35C0-51714196-9C5A8C6F-39D8724A|Waterfall Terrace Decorative Box|If youre buying it to use it for storage, youre missing the point.|Furniture-Storage|L
EEDB7E6C-E1864014-AF226AF8-EFF42E55|Chest Box|Treasure Box That Does Not Open. It Seems To Be Empty Inside In Terms Of Weight.|Furniture-Storage|L
F174DAB4-7EBD4609-9BB19C62-91239E98|Truzzi Kitchen - Standard Unit|LIVING launches as a luxury furniture brand with this modular kitchen. Designed in base and wall unit sections, they will fit into almost any position in any order. They certainly will add that touch of top class quality. Whatever your preferred style, LIVING will provide the answer to your catering needs with these marvellous modular kitchens remember..Fashion passes, style remains, LIVING is the key.|Furniture-Storage|L
F1F3E6CB-5603480D-B1C30BB5-399F577A|Living Shelf Wood|Storage Shelves Of Functional And Figurative Beauty.|Furniture-Storage|L
F259A148-CA834455-8D4A661D-D250D231|Modular Kitchen - Sink - White|A single unit with sink and wall mounted cupboards.|Furniture-Storage|L
F286F2A9-69724400-9EF6C01B-F03629C1|TV Table White|A TV Table. White.|Furniture-Storage|L
F5093A83-EC764F89-8FE3DB57-AC4E6C5B|Ornate Chest of Drawers - Cotton Candy|Have a homely, characterful apartment in seconds with this tasteful, high quality, historic reproduction furniture.|Furniture-Storage|L
F7DE14AD-B8AB45C0-8815BFF5-9118CB1A|Modular Kitchen - Single Unit - Lime|A single unit with cupboards, countertop and wall mounted cupboards. Exclusive to the VEEMEE 3D Printer.|Furniture-Storage|L
F7EBA6C5-9DDB46FF-ADF79486-98D8131F|Sodium Graffiti Wardrobe|Because who wants furniture that isnt covered in paint splatter?|Furniture-Storage|S
F8F69263-D7CD4ABF-AFAF7D9C-E06B54DF|Pink Paradise Kitchen - Sink Unit|The time has come to hit the road and party. Take full advantage of the freedoms a virtual world provides, slip the bus into cruise control and join the party at full speed. Just remember what goes on tour, stays on tour.|Furniture-Storage|L
F9906D86-A7A64519-9731545A-6F8E49C8|Japanese Tansu Stepped|Originally used as a staircase in Japanese homes, this Tansu is both practical and elegant.|Furniture-Storage|S
FA35B226-C0DE4E1E-B789574E-7C3F9E6F|Winter Vacation Villa - Dining Room Mirror|This large rectangular mirror for your Winter Vacation Villa personal space.|Furniture-Storage|L
FA51E547-6E394E59-A3B9716D-C459106A|TV Table For Corner Brown|It Is An Excellent Wooden TV Table To Place In A Corner. Brown.|Furniture-Storage|L
FB32FC4B-D8EF468C-83406B33-4E0B11E4|Enderdale - Dining Room Dresser|The LIVING dining Collection adds to this luxury furniture brand. Designed to add that touch of top class quality to any apartment. Each set comes with three varieties of chair. Whatever your preferred style, LIVING will provide the answer to your dining needs with these marvellous dining room sets remember...Fashion passes, style remains, LIVING is the key.|Furniture-Storage|L
FB9A1F4C-E7A847A2-9C136C48-478AA449|Modular Kitchen - Sink - Tomato|A single unit with sink and wall mounted cupboards.|Furniture-Storage|L
FC6923E8-38354F4A-B7A783B4-B4326065|Corner Unit - Liquorice|All the warmth and comfort of a country kitchen, with that added Cucumber zing.|Furniture-Storage|L
FDE28664-59254BE9-A5741572-CB35BBFA|Victoriana Gothic Coffin Shelves - Magick|Colorful but still dark, an alternative look at alternative interior design. As youd expect from Delirious Squid.|Furniture-Storage|L
FE121E9F-F41047BA-8CC997BF-9535C736|White Shelf|A Convenient Storage Shelf To Put Things On.|Furniture-Storage|L
FE405654-10B942B0-BE09CCF1-C9B54C15|WT Side Table (Bedroom Set)|One of a variety of Waterfall Terrace side tables. Collect them all.|Furniture-Storage|L
FE8B32BD-AF264740-B22D1888-FFB5CA1C|Ornate Chest of Drawers - Walnut|Have a homely, characterful apartment in seconds with this tasteful, high quality, historic reproduction furniture.|Furniture-Storage|L
