folderName|SceneID
00C4E166-D83A48EC-9A89767E-5F1F1410|SCEE_MSPR_Apt_38C2_90B5
02F15FC6-DE494F61-A2856059-3765740B|Prairie_Saloon_Club_3754_A7A3
03DE7562-803A4BCC-A28ACD3C-8F3AB87D|SCEA_Pharoahs_Apt_2138_40E7
042A70AF-C4C641B7-AAB55602-1FE708AC|Spunland_Playroom_C028_895A
046B3B88-640B45ED-A1A0AF17-9EEFC570|SCEE_Musicality_Apt_46B4_8AAE
04E65407-CAC7407E-A862359E-8B4E176D|HalloweenTourbusClub_C2DD_6CE
051F2E74-69BF4FDD-B637F49D-EFD679B9|Disco_Clubhouse_1269_DCD2
053159ED-F78E43D3-B58BEEDE-CC3A6831|obsidian_officer_apt_b69f_9b19
0537BA1A-F8934743-BFB06EEF-5819D61E|MIB_Headquarter_Apt_4280_6EBB
054FAFA9-D5DF4164-ADE3FC96-4F6C2A75|Nightclub_Clubhouse_CC06_8EE2
06C8437A-1E53412A-A6ACABC0-48695707|BeachMansion_CE77_91AA
0716BAC9-CBE74C2B-95E69620-0B42F835|Dark_Wizard_Apt_17D8_4177
07357F60-FC504982-9E946020-1702D76A|Seaside_Apt_Asia_77E4_E0FB
08A50448-25C6408F-93B42144-556321E7|Spunland_Playroom_C028_895A
099A248E-806944C7-887FB154-064F33D3|Xi2_Axiom_Apt_8638_8203
09E3FE8D-5AEC4942-8AEE85EF-B4C3B3C9|CountryChicApt_65C0_4174
0A64C871-7C434211-98163DE4-7D8712B5|Disco_Apartment_F7EE_FDF0
0AA250D3-05B24899-B256646A-D78D9E8E|Audi_Connect_Apt_C2D4_2F8B
0ABB6079-08A1450F-9BBFC56B-B89AC16A|Gzsdn_Lounge_PS_EU_90B7_372D
0CB218BC-DDC44348-BBF97B0B-9DF1090E|Lagoon_Lounge_PSAsia_8378_DB55
0D9584EC-0FC64A01-A7134965-E39748BF|Bunker_Clubhouse_A015_56D9
0E54B445-040D401C-AF083E48-8139E4D4|Tea_Lounge_Apt_SCEE_8D42_E7EF
0E5D3D72-B67D421A-A626C84B-5237A634|MoonlightRoom_8516_1D6F
0F3C9BF0-FA9C4B3B-A3071A0A-411B0DC7|Space_Apt_AB15_897A
0F51150B-D31C4F40-96B20FEF-AC82FEBD|AM_Birthday_Apt_830A_D57F
102DFC5F-2B8C4DCF-BD51BA1B-EA9BE2E5|VeeMee_Park_Apt_3_C6C5_B72F
107E5858-4DD348B2-BD0C5BD1-10230902|Complex_Apt_F372_304E
1095EC78-EE204E80-A07EE02D-D2664E88|J_SCEJ_Toro_Personal_B176_4996
110C12A4-3B924418-82BC3C59-F90B14C2|VEEMEE_SportsPub_Apt_207E_18D8
11A90C45-2C6F4968-B102B468-72D4614B|SCEJ_LocoRoco_Apt03_6529_7DEC
11BFD9EE-F0DD4BAC-A114B216-106678CE|Gothic_Cathedral_Apt_9221_E8B5
11F3AD9E-72174F8B-91705D78-D39048BE|Jam_Jar_Clubhouse_350F_9E36
12DD1398-68EB4301-9A7FE3BF-BC551325|AbbeyHillCottage_Apt_A513_5000
12E77FEB-354F4FFE-AB0684EF-6303485F|Paris_Lounge_PS_EU_E03A_C580
130CC37C-8FBA4D64-A629246F-CF54C524|GzSchl_Lounge_PS_US_7422_6A9
13CA27D2-243C4F63-BCE0193A-88AAA80A|Las_Vegas_Apt_3138_A19F
16609817-77F646D8-878789D7-135196C6|SCEE_Japanese_Apt_5562_FB9A
1662E4E3-4C2846BC-9EF46DE8-A86169B5|AbbeyHillWinter_Apt_D50D_EFE6
1774454A-BC524698-A3C44BF0-1AE58BFC|Complex_Apt_F372_304E
186BE0D9-22DE4333-A7395829-E9CB3B6A|Red_Bull_Apartment_780E_57F8
18824AB2-6D524781-9E478811-3C9E7200|SCEJ_Million_Yacht_2709_32BC
18F0F0C6-38D24084-BE4DA40F-1EC02165|Train_Apt_17ED_B69A
1917DB58-A04D42B5-85D08416-CDD2E416|OTwo_peakvox_labs_4_F66E_C44C
191F955B-4BD24508-90A8A889-DAFF792C|Hogsmeade_Apt_74FF_CA4C
1A30EAA8-AEAA4233-928A66FD-CBE32880|DemonicCutteridgeApt_1DD6_3D40
1A485810-8150433B-A0D6BFC6-F4B01942|SCEE_Pub_Apartment_7433_C6E6
1B2C4D74-C86949D3-BCC4A238-B0514542|Cliff_Top_Clubhouse_705E_BD45
1B2F04E5-4583472A-A47B6CFC-523B71CB|Cliff_Top_Apt_1C7D_9444
1C74781B-CABB4D85-B8244868-FED66129|Sci_Fi_Apt_A08E_30B2
1CC3FC83-AD55454C-B2A32C67-5D55B95D|Hllywd_Night_Apt_11B4_F050
1D021442-7BD7468F-BA141BF9-66FDF589|Modern_Ranch_Club_19EE_C1B2
1E99D78A-109444AD-95763330-D304BB9C|Midway_Apartment_4D5E_F216
1E9A6095-B9B045B9-B61AA895-A0211CFD|Florida_Home_Club_FA82_2190
1F06C254-A7E64A30-B6D21BDC-AA465F64|Millionaires_Yacht_CC55_902E
1F6031AD-BC924534-AA6C070D-F402AB71|Aurora_100RewardApt_5594_97F6
1F80696E-77F141C2-8E0AEEBF-41E0943D|Lagoon_Lounge_Apt_4B3B_35AC
1FA691D0-0F0444E1-8406D8F9-701754E7|Dream_Forest_Club_6A43_ADD6
1FEAC29F-8B014DF2-9EE260D1-0A68D863|Hell_Fire_Apt_DF67_E496
2184D212-54FF4735-81E3EA0D-3CBC4644|Tardis_Apt_3C3B_4847
2192F52B-7E944DC9-9A40F760-F12033E4|Male_Mech_Vault_445F_BCA5
22140963-A0E6449B-A99E25B8-09D10A83|Complex_Apt_F372_304E
225510C0-B3B64333-8B8C840D-6E1D2FE4|Peakvox_Apt_1_C520_74AA
2299E927-A704446A-92F7BBF0-28703E9A|Bowling_Apt_D13A_6B8E
229F3980-C3394E99-B2BCFB15-6EDD4D17|Las_Vegas_Clubhouse_F47B_23F0
22B9041C-510E41C9-B2A9FD1B-F714C14F|Villains_Lair_6070_E6AE
2345481C-C5334098-86ED2AEE-050285BD|Boutique_Bathroom_C01B_BE1A
237914DD-BF554245-8EDE0BEF-EB9F7F70|SCEE_Treehouse_Apt_DB9D_4367
24173B77-ABAA41F0-A6FD488D-745960B5|Boutique_Apt_Club_C4FF_6783
24A7086F-40CF45F6-B5245CA5-11796C8B|RaptureMetroApt_5A27_B379
24F5461A-E7E14954-8DD17411-D3A3BC24|SCEA_Anime_Apt_5E4B_33B2
2519FAC0-18AA4FCB-A1214F6B-65F5F001|summerhouse
25D7BA23-D7EE47C1-80C5C244-A9BA124E|Prairie_Ranch_Apt_2BF1_6204
264D8C56-07FF4310-96DE5B89-AC8AAF8B|Gzsdn_Lounge_PS_JP_44FB_5CC6
287F383E-76304151-A60A94A1-37840CBD|DreamAdventureApt_C0D0_CDB0
28ADC591-B63448AC-B326E5DF-FC17A223|MansionFirstFloor_FAC3_2B8F
2935147C-2D4043C9-87E252B8-B960C809|StageSet_Ghostbuster_5792_A6E3
29397063-00C041E6-96009BC5-5DD3D992|Peakvox_Ninja_Apt_3D2C_105B
298D3979-079048B5-AA6E88E8-1BED6E70|MyGym_Apt_8870_5038
2A12CD40-E8D5450A-8E588773-4B37571B|nDreams_Ballroom_Apt_34C2_B593
2A1841E3-A5584FCF-82CE49E9-A6091868|SCEA_HUDSON_Dolphy_E5D9_800
2A90AC9C-35EE4A9D-B9C2DA00-7B5BB1E8|SCEA_Paris_Apt_D13_FDED
2B21B916-5CA84F03-B40C2539-4AD5B055|Luxury_Cruise_Club_305C_8518
2B2AC754-5DA64B09-BC99CE7E-00D37FEF|Blueprint_Apt_AAA9_892A
2BB4A258-50C94E43-B9FF7F58-1D122B23|SCEE_Pub_Apartment_7433_C6E6
2BEDEC3A-EAE14B31-8F6D316D-087E57FB|Complex_Apt_F372_304E
2CAEDC62-04CF4895-9C54E738-35EBB888|Space_Apt_SCEE_D1F6_CD3F
2CF5180D-20B04572-BB17FFC4-D452FAB6|Aurora_Island_ACAA_2178
2D6DFF7D-8DF84C06-9068E13C-AA514C49|Florida_Apt_153F_6854
2D711676-E22C47FA-9AA3389B-7198F92E|SCEJ_Japan_Residence_C4DD_E709
2E4992AD-AB924F85-829E80E8-CEB34064|SCEA_Post_Apocalypse_F7F2_F6FA
2E7DCB48-B61C4304-AEF5532F-049E07AC|Luxury_Cruise_Apt_34BE_547A
2E962339-5B474D6B-B5330518-E9C24241|Dream_Yacht_Club_946D_7710
2F08E187-A7EA4DD7-858B2968-C769DA9C|Sodium_Neon_Apt_296_66CE
2F2DD20F-59284CB3-96234BB3-22CD5793|Western_Ranch_Apt_B0C3_BD7
30354DAC-F0A44FCC-89C8621E-003A9BDA|Dream_Island_Club_E2C0_8735
304C0815-FC6546CD-932AF75D-15373378|Dream_Hideaway_Club_FB13_AB2E
31175539-761C4388-B4EFB946-1B8E4928|Paris_Lounge_PS_VRPP_2562_92E9
316889B7-88BC4064-9641C189-6F0FC67E|Windmill_Apartment_5E5_E0FA
33229FDB-120042BB-8B13026E-4CD7EBF0|Millionaires_Beach_BC6F_6E33
33B5B837-145C43C9-B5DEC937-2846B10E|French_Chateau_Apt_C7BB_B11B
340CBF11-24864097-97A0991A-65010FF3|Dragons_Lair_F076_5437
3545546E-C5504203-AF3848F9-C892B074|Gzsdn_Lounge_PS_Asia_138D_152
35CBACD7-1AFB4F04-B1556E7B-60B32FD7|Winter_Wonder_Apt_E0A4_C84
36FD3416-11974A8D-84E03132-1EFFE9E9|Whimsy_Hollow_Apt_FF9C_F90B
3768A4F9-559841DE-A5056F70-E756387F|SkyscraperLoungeApt_8E16_114F
376F1616-D7784F91-AC937178-F9E86626|SilentHill_Diner_Apt_74B4_93D4
3777372A-8FD24BAE-B47472C7-9DCBCECA|Shouei_Kingdom_5_453C_77E4
37D5041F-9D6F44EC-94680913-26991BE0|Skyscraper_Clubhouse_6F8B_D720
3986D071-7E4A4E11-B33CB19C-66006819|Serenity_Lake_Apt_826C_837E
39A8AE6F-AE634A1D-86138194-E9AEF2B4|BeachMansion_CE77_91AA
3AE42847-9F474798-9F9FC837-6C1CE7F6|SodiumBlastersBayApt_B991_7F76
3B88C71A-937445DF-8CAB9275-5F511FAB|TL_CF_Garden02_6728_3528
3C28B7EE-56224884-85D5C5C4-F5D12542|Lagoon_Lounge_PS_EU_1537_462B
3DA4FDD8-2F134917-91E09ECC-DE8FDC5D|Dance_Studio_Apt_500C_E962
3DCA3C46-AAE54E72-BCB30EAC-3F58F795|Sodium_Main_1864_A357
3E45A335-82644B19-A8330A84-0D8D64EF|VeeMee_Park_Apt_2_B99B_B204
3E76DA58-66394897-A9F75514-1DC3450B|Glass_House_Space_8A6F_BE48
3E9193C5-9D204C8C-A9D4B937-1CE3028B|Disco_Apartment_F7EE_FDF0
40BEF872-075A45E8-A3133BC4-0885EFFF|AC2_Venetian_Apt_3161_9FB5
42A93F08-A44747F5-BE68CF89-F5F753DC|SCEJ_Eden_VIPBox_1_FC8A_EC98
44544873-E5DD4EA7-B6C2D5F1-C1E44D87|PetrolHead_Apartment_ADA_7679
44AA58F9-9021454A-A135CE0B-CA42C9C0|Home_Square_A091_EC0
45809925-D39949AE-8802B4AB-06C7927F|VEEMEE_SFRGTTI_F04B_9423
45EB2736-2F2A4883-A2A43927-5ECDAE89|Twingate_Castle_Apt_C93E_C173
460E16D8-92DA46C6-8D6C58A8-9C98DF49|HollyridgeEstate_Apt_3A82_A762
46160244-F97B4E66-ABAA5EB4-4AB7A193|Personal_Casino_Apt_96F9_5BE7
470001DE-5DE441E2-92191DB5-AFBE5141|Palace_7_Winds_Apt_289_263E
474309D0-D3274C92-851B8E91-C6E5FD29|Mount_Olympus_Apt_1D87_7D4D
478A6CF0-279E44FC-984B04FB-9E9DDB3E|GzBurger_Apt_SCEA_5EE0_B287
47A1BB9B-AC6C4E05-97C62C83-B7CC217D|Cliff_Top_Apt_1C7D_9444
480ACF30-D0A942A4-9BEA4AFB-D2FD9E96|Edo_Lounge_PS_9175_6C36
48729594-8B3749E5-94E10B2B-D7F5FC82|UnderwaterApt_237_E5BF
4971A179-242F458A-8833B3EF-516D17F0|Boutique_Kitchen_21FC_FE92
4A2E9254-A6A74697-99DFB6C0-8AE9B8F4|Greek_Temple_Apt_F19_690B
4C5B6800-53784D29-82E97926-81326791|Cliff_Top_Apt_1C7D_9444
4C747EEE-95E943A7-805DE380-192A19BC|Villain_Cave_Hideout_32DF_A02C
4D98A4B0-C2764E1C-ACFE4AC0-A6EEF079|Mansion_13_55D3_AD90
4DC44A96-5F144552-AAE14084-DCADF52C|Seaside_Apt_EU_D5F8_AA43
4E6D5E1C-63344770-9F8DA724-787852C1|GzTeaRoom_Silver_PS_532F_841C
50AAE898-56A14A4E-9180833A-CC23F684|AC2_Venetian_Apt_3161_9FB5
51C58101-D61F4968-94D63165-6BDF8575|Jane_Large_Apt_5B4F_2B41
5239D680-BC764EF7-8190D476-BBF777E3|SCEA_Santorini_Apt_306B_AF8F
5352EFD2-44474EFE-9228A02B-696E14DE|Whale_Personal_Space_6F44_74EC
5499749F-4C664A88-99EB2E1C-AD8C8682|Go_Fish_Apt_C299_3B69
55499856-FD83450E-BA301881-E78E3511|Sodium_Apartment_C7E3_6BE4
55BA0B8C-00C343C2-A44722EA-7A6276F0|Chinatown_Apt_9202_2F5E
55DAF48F-0E0F4DC8-85FFFDD1-C4B840B0|MotorstormApartment_B65F_8CB
57471F09-3E894539-820CB5B7-F79427E5|SCEE_French_Apt_71E8_4AD5
57C7E33B-09E8429D-AEE20B44-2BB36885|Novus_Prime_Apt_8645_E53C
5906DD8F-737A47DE-B802C96A-6DF7C91F|GzBurger_Apt_SCEE_32EE_33B1
5A0A211B-BCF140BC-95B299C9-63E272A1|SCEA_Hollywood_Hills_3AFC_6A61
5A752F63-4E594ABD-92198D9F-B9B76D95|Female_Mech_Vault_2157_4A0B
5B2EF559-E8374AF5-87026629-DFFF71E8|RockReveller_186A_F201
5B781C33-66164355-9B739FB6-1CCF9935|TL_CF_Garden01_E64A_8357
5BA0F3EF-B5544C37-8EF92B93-D88104A6|EDO_Lounge_PS2_SCEA_A1E5_B0BF
5BB02C61-61E4416D-80139E4E-CC304332|Lagoon_Lounge_PS_US_A894_C4AC
5D57E32E-08D0452A-92DC2D8E-BDFB2BB8|SCEA_Chamber_2893_88EA
5D82E79C-0CCB4E90-B54CCF32-46A9ED3C|Hangakai_Apt_7222_9497
5E6B7DED-B70F4833-B3F67A2B-FB94509E|VEEMEE_SFRGTTI_F04B_9423
5FC308F5-5D544E46-9287847C-4A0078A6|VeeMee_Park_Apt_6_1842_586F
60DFBAF1-2723455C-A8E4012C-39622F1A|SCEA_Hudson_Bonkroom_6D7F_6B7D
612B9AF4-41DF4DF4-91D43911-5BC43776|Gnome_Curling_Apt_E9C0_639F
6130BCEB-DF5E4516-B8C75022-9FB2A72D|Space_Station_Club_902C_609A
613EE2EA-13614183-84BE1DC4-C28E08E9|Haunted_Castle_E770_BD3B
62BFAA70-6F5E4CA3-A72CA190-9EEEE57A|Fallingwater_Apt_D5FD_A677
62D9786D-6F71409E-BA150B8F-E6193FD1|Lighthouse_Apt_8437_B01D
63CF2B03-EA0C4269-8E71A6C9-05740A62|Tycoon_Penthouse_956_C698
63F65BB0-4AE342F7-A594A4C8-1D9BCD37|CastleGreywoldApt_6DD6_5E12
647239EE-F62E4308-8ED120B5-0889812F|SCEA_Zombie_Apt_992C_2A3A
6480F726-67B14578-B068C0B6-977AF7E0|Nightmare_Yacht_Apt_F6E5_C85E
654FC63A-E0D4425A-9E024BDF-6244588C|Snow_Globe_Club_637C_77C0
65658D4A-1D7D46CD-9B99B056-639DB504|Dream_Hideaway_Apt_577C_70EE
6631DA43-A58649DE-946D0FDB-771559A7|Jewel_Skies_Club_D3B4_2C60
66668980-84934292-B08BDFA2-ED15A0ED|LKWD_Runway_Apt_SCEJ_A5F4_1304
67C5004E-BDB44973-8F939FCC-736ACA6A|Hllywd_Night_Club_3A08_2ED1
690AF86B-98B54E59-8418C715-1967C200|Musicality_Clubhouse_533C_81D3
69845EF2-D5D04D79-9A966CC3-3F250217|921_Acacia_Drive_6B3F_16ED
69A74FBA-B57F4C85-9DC55CC4-4A638116|SCEJ_HUDSON_Dolphy_93A8_2FDD
6C0884FA-6926419B-ABD4F676-9B4BBEF8|MansionBackyard_603E_C20A
6D1C1ADC-76F74336-AD27C552-37741553|City_Rooftop_Apt_FF2F_D44A
6E24A0D3-8E8F445C-AC1A6EC3-4CEB8C5E|Snow_Globe_Apt_CDBA_517A
6E647276-545E4D28-AAAA9E6F-1A1CB609|Lagoon_Kaseki_PS_EU_6863_B9A6
718EF515-7FC74C5E-875D9570-DF8ED2E1|Irish_Pub_93E4_6D1D
722A16BB-D0E94623-B85F5D92-6D95FBC6|Island_Bungalow_Club_5D86_85C7
727DCA6F-16284020-B63B3206-3DD44797|PirateApartment2_99C2_C70B
7308A166-0FDF49B6-902932EB-98F72101|Gothic_Stately_Club_8E95_FF72
73C463E7-CF9D4F10-8CE45CD6-5B0B6876|SCEA_MAG_Raven_Apt_136F_AB80
7471B411-654D49D4-BD5114B7-FD3AC461|Sunlit_Meadow_Apt_351E_F0B6
74A41EF1-34A34069-A61827E4-6E81B49B|Audi_Sled_MP_695B_CC81
7567599C-D61943AC-85484641-4E0BAD41|Casino_Hotel_Suite_5571_94D2
75783053-9111436E-8392BF8D-08261140|Twingate_Castle_Club_3E0A_7270
75888605-DB6B48E5-A7C40AD2-FDB82BED|Jam_Jar_Apartment_D9F9_5ED1
75E617D1-009C43FC-9AB56ADD-D7576B29|Bunker_Clubhouse_A015_56D9
761FD538-4E7E4375-A790B998-DB54D141|Edo_Lounge_PS_EU_9E4F_4F5
76E14D67-7A954149-8BB56D4D-7107138D|Go_Fish_Apt_C299_3B69
76FD6E8D-2CC74DE1-B944B36A-36BF7B7E|Cutter_Mansion_Club_6EFB_779D
77621C8B-82D14C82-AD9C0A61-65058B25|Xi_Vertigo_Apt_SCEJ_FE98_8900
777FFBC0-7DC641E1-B9B910A4-EB7E2C19|LOOT_Drivable_Yacht_D624_D64C
77D9E3EF-02A74DA9-BD77FBBD-91407A88|Lakeside_Log_Cabin_B1F_6131
784FF69C-35D94E19-A8B4C8A7-9860E27C|KZ2_ThroneRoom_55A7_DE1C
78B67FCF-C9B04B9F-8C65591C-6DE4D7F5|Disco_Clubhouse_1269_DCD2
79B5B7FA-84CE4D07-9D5E93A4-4AE7466B|SCEE_LBP_Apt_A3B6_544E
7AFA88BE-45314740-8A54933B-C3AF08D7|LasVegasSuite_E8EB_2C40
7B307B85-C2BA4A74-AB35525D-953C473B|Ajagaras_Peak_Apt_4A94_3E08
7EFFA7A5-52994544-96C5F6F1-E6F4973D|Peakvox_Ninja_Apt_3D2C_105B
7F278311-1436452B-8C3EEFC5-5E385977|Avalon_Clubhouse_8828_5731
7F30B22F-8E3A43BD-9648EB96-D5514142|SCEJ_LocoRoco_Apt_01_186A_3B62
7F332BE1-9450430B-9C153933-9C832F4C|Fighting_Gym_Apt_6E5A_B880
7FC9B6B1-596D4F72-A590CBA2-F03AE542|Bramble_Nook_Apt_BB4B_1E68
809B9144-05674E92-BD6D5478-B199C342|Japanese_Garden_Apt_F866_3D88
818AA160-AB284BBF-A5286639-9F0635AD|Virtua_Tennis_4_Apt_9D88_A2D0
82B17718-D49A44B2-BD2E5660-0DB9CF49|Midnight_Glade_Apt_9F6D_4BDF
83109FAC-5CAA4F28-8479420A-F44167F8|HalloweenTourbus_Apt_FAA5_F4AB
8350F4C2-A07F4B1D-960F693C-4D3DFE72|Dream_Forest_Apt_82AC_F9C3
83A5ADB5-0D054C1C-B13B25DF-2922892D|VeeMee_Park_Apt_5_E97A_1C29
84A3A0AD-E1294E08-9CB56FCA-629625EC|Lockwood_Catwalk_Apt_B5FF_1F24
84C5D818-FA6747DA-ABED498F-2D31FD34|OTwo_peakvox_labs_4_F66E_C44C
85A014B8-4CAF4A08-B1D163CA-C3CCC6EC|Star_Trek_Bridge_B42D_CCE5
865345B3-D99F41D6-8C2E011C-D38E78F1|PalmResort_Clubhouse_127_5237
86C2621A-CD2949D8-894457FD-13EA3A44|MM_ToyStory3Personal_B86B_DF47
86C5657F-0FA8424F-92CEE518-5CE2365F|StageSet_Apartment_BE67_8709
885D7593-F2F74EF9-A83F6DA4-DD68C311|Drey_VIP_Room_Male_8920_84C5
887D49F8-F15C457E-A8F5EDF2-E542C812|Peakvox_Ninja_Apt_3D2C_105B
88F08C7E-F01C4196-BE2C3F2B-B827C264|SCEA_Wizard_Lair_8C50_259A
891B8300-489241A4-BF477018-71451A4A|Hillside_House_Apt_8605_C148
89DA2EA0-04514A09-B032A631-821B7B4F|UFC_Apartment_A376_DDFF
8A790D6D-A195483B-9FEF7FDA-028ED101|Raver_Clubhouse_F5AA_5479
8ACB24CC-1B7347DD-BD075B7D-28253663|Gzsdn_Lounge_PS_US_22B8_C706
8B3267C9-23514B69-89F32A80-33166AD6|Atom_Park_Clubhouse_EA14_A2F7
8C481875-B0104DC7-B66A49F3-AA16E177|Funky_Bar_Apt_1_E5DA_9863
8C92650F-B74C49C9-9D8392D2-F7567CDE|PiratesParadise_Dock_92E5_9B00
8D2C0A43-D2F54E94-B0D6C424-63D81900|ArcticDreamYacht_Apt_D1C5_F674
8EB870C4-5502489A-B4906B84-6AE35F01|SCEA_Lakehouse_Apt_237D_83E6
8EBCCB06-3F964F1F-B2FB4FB0-33F909C7|Goth_Cathderal_Club_9F38_B448
905C3B4F-B8124007-AC386DE9-F9F41893|SeaClyffNightClub_85C6_5043
905DB9DE-0ABC4191-85CA28D8-AB6343C0|Marina_Apartment_8D59_7290
905EC5DC-E699444D-B9610103-680F1020|UnderSpunHeights_DEB9_5AB7
90A027DE-4B2E4AB6-A5197ECB-1246267F|Old_WestSaloon_Club_B296_EE85
91FD9A80-0E30427D-9EE089E3-1FED7372|Gothic_Cathedral_Apt_9221_E8B5
92066043-7BD4466F-8616C358-34E1E4FD|SeaClyff_RetreatClub_D05E_C49B
92E73C12-F52A416E-B2DE84D5-3A1F6756|Lobster_Mania_Apt_3E58_5697
9314F7BE-C70D46D0-91301D6F-58A24735|Batman_Outpost_Apt_F6F1_D038
93C188A6-4422482D-93D97D39-67A924FA|SCEAsia_RaceOnGarage_4778_556F
93DA1344-F63F4007-9B69AA40-97CE99B6|Seaside_Lounge_PS_JP_A2FF_FE56
93F47868-BF7341D3-BFF67F23-EA3B3813|Greenhouse_6B81_B38
93F58E4E-A55046CE-94781030-4B2BC4E5|SecretPartyClub_D94B_5C82
94F8553E-D3C8445B-9729700A-7C9AE28A|Aurora_Trophy_Apt_F843_B9D
94FEA9FC-C05D409B-AF9401A3-A2B40AF0|RaceOnGarage_43E0_DCA2
95761C1E-0D27494F-AE8020AA-C31E0536|Emo_Ray_Garage_3F5D_3241
99976F79-27C0475E-95348420-406AF70A|MIB_Headquarter_Club_FBBB_9159
9C44BA1A-9DD847FE-BDDA1B92-9F782D90|Gothic_Apartment_34EA_F371
9CBB7537-6FCB4B1C-A362DD65-B64DD6DA|LIVING_Home_Club_EA39_C331
9D455EFB-BCFF45CA-B6E18FF7-F460EE91|Paris_Lounge_PS_US_19AA_F560
9D6282BB-46224ED8-BA541CF4-D2BEB11A|SCEA_MAG_Valor_Apt_1421_97D0
9E680C54-57E64C05-824C5D9E-85192126|MansionSecondFloor_9F58_D1DE
9EF9E187-08A84555-A767F27D-97B497BA|Xi_Vertigo_Apt_SCEJ_FE98_8900
A0266F81-7FFA4165-ABCF8780-B4F71E5B|AudiApt_394B_F75E
A02FA240-BA2E4816-88BAB4F3-A120FD4E|SCEA_Playground_Apt_9AAB_2083
A07DDAB2-42B34B78-BFC2B33C-4C822F65|SecretPartyGardenApt_3E9B_C404
A15FB2B4-B4684AE9-8DC2B6C7-49D7857D|Painted_Bare_Apt_87E_7A33
A3BAF598-82314A5E-9454EBA1-8A16E388|Lockadoodle_Club_BC4_4954
A3C73E02-C31C4F5E-8138013E-10A2F9ED|the_dressing_room_EU
A3D7AFFC-BCB34795-933F7E60-4457C7C8|Ansadafone_Night_Apt_A474_EDB5
A3D87992-4DEE4CEA-AFFCE378-B253E597|GzSchl_Lounge_PS_JP_F34_543
A44E02A6-EFD24108-9ECED0D1-258314AE|Xi_Party_House_SCEJ_F1DE_7D6B
A44F7325-E04D4C0E-AC65DF04-146F6610|CutterridgeMansion_7C0A_CDAB
A476D518-FD714AD6-B8298458-580C5658|Cloud_City_Apartment_87C7_62DE
A47FB9E6-D69E4907-B9272EB7-3BFC2E63|Luxury_Submarine_Apt_CAA2_A236
A50BAAE7-B5194401-B7E9FEE4-159DD198|TL_CF_Garden00_DA7C_63F9
A54359B4-41EF4F5C-8B5C821A-EA0D5A87|Lagoon_Kaseki_PS_US_36B2_68E6
A5BFD1B4-36344DBC-973DAF29-DFCF1225|Arabian_Castle_Apta_12FC_3AE3
A61C6C54-D6544E90-9F5B66EA-7247A79D|MansionGarage_60C_A5D4
A7EFDE03-BCC94C49-BB234441-B1576B24|Island_Bungalow_Apt_FFDF_6F3
A7FF6B1E-5D814693-B3E38620-757B6798|Western_Campsite_Apt_6993_B219
A8CC1808-E02D4E59-95A2B6F2-AE08803A|VeeMee_Park_Apt_4_B520_B828
AA8D55A0-CAF74861-8C6DCCFE-ABCAE5B9|Ski_Chalet_24E_F3D4
ABDED858-8E3B49BC-BAA4392D-9FDB5A63|SeaClyffNightApt_2C51_E51E
ADB7291D-6C2346EE-A5D098CA-F8BA776D|PrehistoricCanyonApt_9377_5A01
B01602C3-3B4F4DE0-94C4BE5F-E2A92D2C|Underwat_Apt_SCEAsia_2CE6_E71B
B080B774-33364399-ABB7304A-97D17B47|Cliff_Top_Apt_1C7D_9444
B0A3D79D-EC6B483F-840ADF5A-03AD2FEA|Tuscan_Villa_Club_3168_ADE8
B0DDE58E-6BF54E3D-90C2C402-4A3EFC64|Ice_Palace_apartment_7E8D_90C8
B1512A75-9FA14B81-A67E24A9-F166313D|EDO_Lounge_PS2_SCEE_5815_DCB5
B16B70B1-DC7F4315-BEEFE237-5731DB92|Peakvox_Apt_2_593D_AF74
B3716013-FE0F4926-8DD0A81F-99966076|Casino_Penthouse_Apt_B7A4_F150
B385B2B4-EEE64B9C-A816C430-FE9837AF|Skatepark_Apt_1240_81D2
B3891E70-370F41CB-A2C11EEF-2FD1BFC8|SCEJ_Glade_Apt_E039_3334
B4D67F63-0CCE41A9-992A1E66-8083A5EF|NSIRCHOME_Apartment_20BA_60F2
B6326429-CF304E26-959BC425-9E603A2E|Budget_Hotel_Room_DA60_F703
B635FDBE-95504AF9-A08B8A22-EFD7F768|Warhawk_Apartment_373A_59D
B637B476-E66F43D7-BCEE44C4-0FB83B70|BeachMansion_CE77_91AA
B63D963B-656D4EFD-BAEE6A5C-83EE30C7|GzSFO_Lounge_PS_US_2F5F_65CE
B694C29F-794E4DCF-9F929370-353BBD5A|Xi_Apartment_final
B7731739-9BBA4627-B4C997CE-EFE4D183|Aurora_Island_ACAA_2178
B7812196-ED194EDA-8BE0D65C-8C898CCF|Diesel_Apartment_Apt_9CE5_ACD9
B7B8593F-4C614B69-84B7A3B9-1CC7243D|Boutique_Apt_4C31_6B57
B873C179-25334865-881741CF-1DC21591|Masquerade_Ball_Club_EE2F_5078
B9165C00-4C514A88-BF835680-0624C0E6|PR_VIP_Area_B44D_E597
B9811D84-E4FA479D-8E76113B-D04303E6|BeachMansion_CE77_91AA
B9867B6D-98174DB2-A27DA8F7-32C51251|SCEE_Treehouse_Apt_DB9D_4367
BC9D11D7-60694652-B47C27B7-A7207FB0|Aeronautilus_F37A_F04C
BCAC7233-591E4855-97B68A15-E7ED4A39|CountryChicClub_CE7E_C09A
BD1511CE-D0C24873-A3F3E420-6D3E54D4|Hillside_House_Club_A66C_74F3
BD8D559F-9E554E7E-9D51A766-62E08C91|ApartmentEvening
BEAF71D1-C32643BE-9CBED7EA-7E690F65|Paris_Lounge_PS_Asia_6178_7ECB
BF7EA1B6-93C54CAF-80BE273A-36425106|Gnome_Curling_Apt_E9C0_639F
BFC699E9-4468434D-8D8A9525-56F6CF8E|SCEE_HUDSON_Dolphy_6D59_6A9F
C03F895E-FF47481D-9A8E92EF-337D6A08|Luxury_Tent_Club_E4B9_3809
C0420793-8689412C-ADCE1531-F4A67DE6|GzSFO_Lounge_PS_EU_23A4_E95A
C448493B-36F64B13-8437B3FE-74A67430|Modern_Asian_Club_121D_912B
C523045F-CB8E4C95-B739410B-429EBE7C|Boutique_Lounge_CE86_70EC
C5B4CA8C-D0694FEE-B5CE2D0E-72646493|SevenWinds_Clubhouse_1220_AEDB
C6144AE1-60314F14-9133163E-3316414B|BeachMansion_CE77_91AA
C77BDA45-69B74D4F-AB24CDBD-69456462|Gothic_Masq_Ball_Apt_D0E9_27F7
C7C53218-28284FD9-80B5DA86-5966F6FA|GzSchl_Lounge_PS_EU_51DD_2E7C
C7EB3685-A9344D32-AA40B3D9-246EF583|Health_Club_Club_CDE1_1D7E
C8864540-2F1D4F2C-880D4A5F-5156EFB9|FUBAR_Apartment_3332_305E
C9B2191B-0122468C-A32A0E37-DF02CA88|Luxury_Tent_Apt_B2A_7F9A
C9B58F0B-F45C4D6E-8344DDD9-F09BBA72|VeeMee_Park_Apt_1_FCA3_8C5
CBC81E64-19F643DA-A4E0BB27-0FB943F9|Manhattan_Apartment_838D_8778
CC17FFC2-E2FA46DD-AAFD5D77-C4E9155C|Complex_Apt_F372_304E
CE92A783-C28948E4-B4225D06-E6A87217|Hollywood_Hills_Club_C8A5_505B
CE9F6B73-83F940D8-A536584B-A46EF107|Sodium_Blimp_Apt_337_8BF5
CFF3AD7D-D4E243D3-AAAC39EE-49C804AB|SCEA_Waterfall_Space_E4DE_470
D0652E2F-5FB249FE-BE72633F-49FE7876|UnderwaterApt_237_E5BF
D0719CB2-F255445D-9CFAA4C0-9BDC8728|LKWD_Life_Lake_Oasis_DA4D_1213
D0D63971-412B4B58-BB0755B5-FBF20E46|Tuscan_Villa_Apt_F27F_4E03
D10D8B46-76CA4C91-A9B9A836-1F5E1510|Boutique_Terrace_DA75_40BA
D12B4345-24C741A5-BA7BBFA0-33982C3E|AnsadaFone_Apt_97BA_6BD6
D14BEDE1-562F40E7-9E98FCD2-66870B1D|Edo_Lounge_PS_US_2413_5BDC
D1556CE2-155E4979-A996991C-76704278|Modern_Ranch_Apt_F07A_2FC3
D173B874-16054E3F-A72DE46A-5E9A8336|Modern_Asian_Apt_4EFF_6E2D
D1A1DF77-FC8B48B3-B566BFC9-5450EBB9|Minibots_TrainingApt_E8EE_2E12
D3108B66-456F4C74-93CB0BE4-D50A6381|SCEA_Uncharted2Apt_B22D_53F2
D41104DA-FD364319-B4EDBA53-0B6353B6|Stately_Home_Club_A11A_16B0
D4A05C18-F4124DFC-AC30A0DE-F342C412|PinkParadiceApt_C471_1480
D52975DC-8EFF47BB-845B640E-D1B2C5A2|Nightclub_Apt_5FB7_554D
D52F0918-A7AC42FE-BD2362D8-1762A02B|Loot_ModularStageSet_6890_BE1B
D60F4D16-9C684D4D-A3285E62-FD09A148|SCEA_Owners_Box_Apt_3B74_DFBA
D6347D26-64794E71-9EFEDA36-0AB06F57|Seaside_Apt_US_1F4A_6C4A
D6585313-04764E31-97755D22-7BFA4BE5|SeaClyff_Retreat_Apt_6D1_880D
D6C195CB-266F4307-A4F408DD-2ACDFBEF|Lobster_Mania_Apt_3E58_5697
D984FB4A-38604E87-8326658C-DB66F643|Raver_Apartment_8463_B9DA
D9B1F481-E24143E3-901B74F5-BC1C30BB|Superstar_PrivateJet_FC9B_E3F1
DA7D5905-4C2D43DD-B5CEEF48-D44221C4|Old_West_Saloon_Apt_DDC7_E926
DB3088E4-7BD14979-8639CE12-350AF649|scea_def_jam_apt_b83e_18e4
DB5D6D31-96B1454B-82862C18-6BD61D8B|SCEJ_Hudson_Bonkroom_9AA5_F8F
DB7EE97E-8D444839-85571ECC-0302A3A7|Subway_Apt_2A86_AD95
DEAF2F6C-71A54119-940BE296-9A8E70FE|Masq_Ball_Clubhouse_33A8_FDD2
DF87D024-CF5C4AE5-9C1E3581-779C2FAE|Mahjong_Local_6C03_8C6F
DFB03849-CA934A54-88C48B6D-5AAF9905|GoldTeaLoungeApt_J_CDF7_E697
E238192E-7D914A60-9BBC1F8A-58DE38F7|Dream_Yacht_Arc_Club_9700_7EBC
E24A306F-515E4D9E-91589004-80616932|Funky_Bar_Apt_2_B326_4896
E33173CD-17B8405B-8C913D8A-2AB9A529|SCEA_Planet_Apt_394E_F095
E494E896-9424438D-8E391200-A7271D67|Castle_DA_8953
E49D5955-BA314E87-A0E65243-B5D08DFE|Tardis_Clubhouse_5336_1C3B
E4EEA356-28704E7E-970B9191-CB4B1DC5|NeptuneSuite2_E71D_F6CC
E4F28E56-5AE246B8-82F6A830-5BD80431|Health_Club_Apt_240D_53CD
E5946B58-111F4767-A91B0F08-057E339F|Mahjong_Local_6C03_8C6F
E5A9148C-92C74351-B7DA822C-8D5E9C52|SCEA_Fiji_Island_Apt_97B8_806E
E64002D2-6491473C-A798729B-377B81CF|club_house
E67041BA-6A7E4DD6-9A4C0C9D-72DD948B|Whale_Personal_Space_6F44_74EC
E6E84D0B-D51740E0-B95960EB-67DDED9A|LIVING_Home_Apt_C16A_C182
E751A216-DA714C0C-A5AEC618-50D26995|Gothic_Stately_Apt_30F7_8746
E753F04A-0CEC47E1-BDC84C10-7BE7C2AF|50s_Diner_Apt_FED2_B1BC
E79B9C82-3EDE4F26-914219AA-136B9175|VEEMEE_SFRGTTI_F04B_9423
E7C3EF89-DDBD4D37-BB0CA21C-17A1704C|CutterridgeMansion_7C0A_CDAB
E7FF367C-0EFA4BC7-9189D0F8-08CCF09B|Edo_Lounge_PS_Asia_49DF_915E
E84D7BA7-84294427-A2BB09EE-65F1483F|Avalon_Apt_C12_6EAC
E9495961-4B2F4D06-A0D80112-5EC74324|Cliff_Top_Apt_1C7D_9444
E984BAEC-72C34918-AEC45F92-9978AF1A|Stately_Home_Apt_22E_5A69
E9D19674-CADD4C83-A2FC440B-0AAA1528|SCEA_MAG_SVER_Apt_C625_B4C3
EA475EA2-CBE94203-81586432-491FF1D6|Lockadoodle_Apt_964_82DB
EB5E89C1-83404CCF-80C306ED-C485C998|Tron_Apartment_C390_9B8C
EC15349C-76FA42BD-9143E144-CAC95603|SCEJ_LocoRoco_Apt01_33CE_CB32
EFC9404D-DABF46FB-A295753B-B17E3594|HollyridgeEstateClub_BF15_DE95
F05D8E38-052346FF-9400D26A-94693DB6|Jwill_FishingLounge2_F48A_E625
F0C260A5-06C54571-B05E8D49-B32A2938|Jane_Small_Apt_FF0B_D966
F1211BB3-F84F4A38-8883E48B-534277EC|SCEE_Musicality_Apt_46B4_8AAE
F1F7F43D-808C44F5-9353DC9B-7D6DA12F|Mountain_GetawayClub_9542_BD16
F237114C-599E49B6-B177A316-ECB73490|Boutique_Bedroom_1FD7_70AA
F2653EE0-993C471A-8E242F55-18AEBABC|SFRGBT_Apt_SCEAsia_1F84_747
F26F890F-F87149F3-8CE76F09-0FB07B28|SpaceStationApt_63AA_7159
F3BA0474-E9294766-96F6445D-F9485ABF|SCEJ_LocoRoco_Apt02_EE8E_C812
F4D950BB-AFBA4D07-B5CA783C-12FF1631|pirateapartment2_99c2_c70b
F5BDB8BF-A19B457F-97D9B135-3671829F|Drey_VIP_Room_Female_226C_C921
F676E510-C04644DD-B7CCF224-F4AB3248|Luxury_SubmarineClub_AE4F_1E23
F6854E66-3D944778-8FBA40AC-5EEA954C|Loot_ModularStageSet_6890_BE1B
F879374F-CC5A4676-8B86219F-58AFF83E|CastleGreywoldClub_7BED_8DCB
F8803888-E0EF4EA9-B76F553B-C2E670A0|GzSchl_Lounge_PS_As_DF8B_5681
F97C0E36-3A0249A2-BAC1F6E9-ECF86E3A|LeChuck_Pirate_Ship_D398_F2A
FB704EA9-BB424031-B23F3F73-5E018A12|Tundra_Lodge_Apt_DCB8_6832
FBD37FB2-E65C427C-99A31D30-2AA52EA5|SCEA_Luxury_YachtApt_211_B50D
FCF8FF7C-745644AB-B1E47590-B2DD0F10|Villain_Cave_Hideout_32DF_A02C
FD2F25C1-22E94747-8651BA97-9D71106F|Atom_Park_Apt_AD76_3C79
FE414678-560D430A-9919341A-B85F6BAE|Dinosaur_Island_Apt_9645_FBB9
FE63458A-9BD14A06-AB5F7380-3EAF7C26|GzTeaRoom_Water_PS_146B_DEF7
